channel_name,address,–≥–æ—Ä–æ–¥,—Ä–∞–π–æ–Ω,coodsX,coodY
–ê–õ–ú–ê–¢–´ (–ö–í–ê–†–ï–ù–î–ê–ü–û–î–°–ï–õüè†),–£–ª–∏—Ü–∞ –£—Ç–µ–≥–µ–Ω –±–∞—Ç—ã—Ä–∞ 17–ë –∫4 –ì—Ä–∞–Ω–¥ –ü–∞—Ä–∫ –∂–∞–Ω—ã–Ω–¥–∞,–ê–ª–º–∞—Ç—ã,–ê–ª–º–∞–ª–∏–Ω—Å–∫–∏–π —Ä–∞–π–æ–Ω,76.919196,43.249633
–ê–õ–ú–ê–¢–´ (–ö–í–ê–†–ï–ù–î–ê–ü–û–î–°–ï–õüè†),–ñ–ö,–ê–ª–º–∞—Ç—ã,–ë–æ—Å—Ç–∞–Ω–¥—ã–∫—Å–∫–∏–π —Ä–∞–π–æ–Ω,76.89648,43.235012
–ê–õ–ú–ê–¢–´ (–ö–í–ê–†–ï–ù–î–ê–ü–û–î–°–ï–õüè†),–ñ–∞—Å “õ–∞–Ω–∞—Ç –ü–∫ –ö—É–Ω–∞–µ–≤–∞ 33610,–ê–ª–º–∞—Ç—ã,–¢—É—Ä–∫—Å–∏–±—Å–∫–∏–π —Ä–∞–π–æ–Ω,76.979549,43.322616
–ê–õ–ú–ê–¢–´ (–ö–í–ê–†–ï–ù–î–ê–ü–û–î–°–ï–õüè†),–ì–∞–≥–∞—Ä–∏–Ω–∞,–ê–ª–º–∞—Ç—ã,–ë–æ—Å—Ç–∞–Ω–¥—ã–∫—Å–∫–∏–π —Ä–∞–π–æ–Ω,76.898774,43.200762
–ê–õ–ú–ê–¢–´ (–ö–í–ê–†–ï–ù–î–ê–ü–û–î–°–ï–õüè†),–ö–∞—Ä–∞—Å–∞–π –±–∞—Ç—ã—Ä–∞–ú—É—Ä–∞—Ç–±–∞–µ–≤–∞,–ê–ª–º–∞—Ç—ã,–ê—É—ç–∑–æ–≤—Å–∫–∏–π —Ä–∞–π–æ–Ω,76.857037,43.24096
–ê–õ–ú–ê–¢–´ (–ö–í–ê–†–ï–ù–î–ê–ü–û–î–°–ï–õüè†),–ê—É—ç–∑–æ–≤—Å–∫–∏–π —Ä–∞–π–æ–Ω –±–ª–∏–∂–µ –∫ –ø–µ—Ä–µ—Å–µ—á–µ–Ω–∏—é —É–ª–∏—Ü –ê–±–∞—è –∏ –°–∞–∏–Ω–∞ –ñ–µ—Ç—ã—Å—É3 –¥–æ–º 16,–ê–ª–º–∞—Ç—ã,–ê—É—ç–∑–æ–≤—Å–∫–∏–π —Ä–∞–π–æ–Ω,76.84436,43.221007
–ê–õ–ú–ê–¢–´ (–ö–í–ê–†–ï–ù–î–ê–ü–û–î–°–ï–õüè†),–¢–∞—É–≥—É–ª—å 149,–ê–ª–º–∞—Ç—ã,–¢—É—Ä–∫—Å–∏–±—Å–∫–∏–π —Ä–∞–π–æ–Ω,77.011309,43.348096
–ê–õ–ú–ê–¢–´ (–ö–í–ê–†–ï–ù–î–ê–ü–û–î–°–ï–õüè†),–ö–æ–∫—Ç–µ–º2 –ö–∞–∑–ù–£–≥–∞ –Ω–∞–ø—Ä–æ—Ç–∏–≤,,,,
–ê–õ–ú–ê–¢–´ (–ö–í–ê–†–ï–ù–î–ê–ü–û–î–°–ï–õüè†),"–ö”©–∫—Ç–µ—Ä–µ–∫ 139, –Ω–∞—É—Ä—ã–∑–±–∞–π—Å–∫–∏–π —Ä–∞–π–æ–Ω",–ê–ª–º–∞—Ç—ã,–ù–∞—É—Ä—ã–∑–±–∞–π—Å–∫–∏–π —Ä–∞–π–æ–Ω,76.792559,43.213706
–ê–õ–ú–ê–¢–´ (–ö–í–ê–†–ï–ù–î–ê–ü–û–î–°–ï–õüè†),–ê–∫–±—É–ª–∞–∫ 7,–ê–ª–º–∞—Ç—ã,–ê–ª–∞—Ç–∞—É—Å–∫–∏–π —Ä–∞–π–æ–Ω,76.817017,43.242998
–ê–õ–ú–ê–¢–´ (–ö–í–ê–†–ï–ù–î–ê–ü–û–î–°–ï–õüè†),–ö—Ä–∞–º—Å–∫–æ–≥–æ 14,–ê–ª–º–∞—Ç—ã,–¢—É—Ä–∫—Å–∏–±—Å–∫–∏–π —Ä–∞–π–æ–Ω,76.938569,43.296771
–ê–õ–ú–ê–¢–´ (–ö–í–ê–†–ï–ù–î–ê–ü–û–î–°–ï–õüè†),–ñ–ö –ø—Ä –†–∞–π—ã–º–±–µ–∫–∞ –ï–º—Ü–æ–≤–∞ –ö–≤ 150150300,–ê–ª–º–∞—Ç—ã,–ë–æ—Å—Ç–∞–Ω–¥—ã–∫—Å–∫–∏–π —Ä–∞–π–æ–Ω,76.898774,43.200762
–ê–õ–ú–ê–¢–´ (–ö–í–ê–†–ï–ù–î–ê–ü–û–î–°–ï–õüè†),–¢–û–õ–ï–ë–ò–ú–û–ú–´–®–£–õ–´,–ê–ª–º–∞—Ç—ã,–¢—É—Ä–∫—Å–∏–±—Å–∫–∏–π —Ä–∞–π–æ–Ω,77.011309,43.348096
–ê–õ–ú–ê–¢–´ (–ö–í–ê–†–ï–ù–î–ê–ü–û–î–°–ï–õüè†),–ë—É—Ö–∞—Ä –∂—ã—Ä–∞—É –º–µ–∂–¥—É –ö–ê–ó–ù–£ –∏ –ü–û–õ–ò–¢–ï–•–û–ú,–ê–ª–º–∞—Ç—ã,–ë–æ—Å—Ç–∞–Ω–¥—ã–∫—Å–∫–∏–π —Ä–∞–π–æ–Ω,76.92415,43.234179
–ê–õ–ú–ê–¢–´ (–ö–í–ê–†–ï–ù–î–ê–ü–û–î–°–ï–õüè†),–ú–∫—Ä –®–£–ì–´–õ–ê 3403,–ê–ª–º–∞—Ç—ã,–ù–∞—É—Ä—ã–∑–±–∞–π—Å–∫–∏–π —Ä–∞–π–æ–Ω,76.787991,43.213963
–ê–õ–ú–ê–¢–´ (–ö–í–ê–†–ï–ù–î–ê–ü–û–î–°–ï–õüè†),–ñ–∞–º–±—ã–ª–∞–ë–∞–π–∑–∞–∫–æ–≤–∞,–ê–ª–º–∞—Ç—ã,–¢—É—Ä–∫—Å–∏–±—Å–∫–∏–π —Ä–∞–π–æ–Ω,77.011309,43.348096
–ê–õ–ú–ê–¢–´ (–ö–í–ê–†–ï–ù–î–ê–ü–û–î–°–ï–õüè†),–ê–∫—Å–∞–π12,–ê–ª–º–∞—Ç—ã,–ê–ª–∞—Ç–∞—É—Å–∫–∏–π —Ä–∞–π–æ–Ω,76.843706,43.267208
–ê–õ–ú–ê–¢–´ (–ö–í–ê–†–ï–ù–î–ê–ü–û–î–°–ï–õüè†),–ø–µ—Ä–µ—Å–µ—á–µ–Ω–∏–µ —É–ª–∏—Ü –¢–æ–ª–µ–±–∏ –∏ –ñ–∞—Ä–æ–∫–æ–≤–∞,–ê–ª–º–∞—Ç—ã,–ê–ª–º–∞–ª–∏–Ω—Å–∫–∏–π —Ä–∞–π–æ–Ω,76.897796,43.251509
–ê–õ–ú–ê–¢–´ (–ö–í–ê–†–ï–ù–î–ê–ü–û–î–°–ï–õüè†),–û—Ä–±–∏—Ç–∞1 –≤–æ–∑–ª–µ –ú–µ–≥–∏–†–æ–∑—ã–±–∞–∫–∏–µ–≤–∞,–ê–ª–º–∞—Ç—ã,–ë–æ—Å—Ç–∞–Ω–¥—ã–∫—Å–∫–∏–π —Ä–∞–π–æ–Ω,76.879002,43.198565
–ê–õ–ú–ê–¢–´ (–ö–í–ê–†–ï–ù–î–ê–ü–û–î–°–ï–õüè†),–ñ–ö –ö–≤–∞—Ä—Ç–∏—Ä–∞ –µ–≤—Ä–æ–¥–≤—É—à–∫–∞ –†—è–¥–æ–º –¢–†–¶ –ê–î–ö —Å—Ç–∞–Ω—Ü–∏—è –°–∞–π—Ä–∞–Ω –≤ 5 –º–∏–Ω—É—Ç–∞—Ö –ê–±–∞—è–ë—Ä—É—Å–∏–ª–æ–≤—Å–∫–æ–≥–æ,–ê–ª–º–∞—Ç—ã,–ë–æ—Å—Ç–∞–Ω–¥—ã–∫—Å–∫–∏–π —Ä–∞–π–æ–Ω,76.875735,43.229781
–ê–õ–ú–ê–¢–´ (–ö–í–ê–†–ï–ù–î–ê–ü–û–î–°–ï–õüè†),–º–∫—Ä –¢–∞—Å—Ç–∞–∫,–ê–ª–º–∞—Ç—ã,–ê–ª–º–∞–ª–∏–Ω—Å–∫–∏–π —Ä–∞–π–æ–Ω,76.875313,43.250354
–ê–õ–ú–ê–¢–´ (–ö–í–ê–†–ï–ù–î–ê–ü–û–î–°–ï–õüè†),–ê–ª–∞—Ç–∞—É—ã—Å–∫–∏ –Ω–∞—É—Ä—ã–∑–±–∞–π—Å–∫–∏ —Ä–∞–π–æ–Ω–Ω–∞–Ω,–ê–ª–º–∞—Ç—ã,–¢—É—Ä–∫—Å–∏–±—Å–∫–∏–π —Ä–∞–π–æ–Ω,77.011309,43.348096
–ê–õ–ú–ê–¢–´ (–ö–í–ê–†–ï–ù–î–ê–ü–û–î–°–ï–õüè†),–®–∞–ª—è–ø–∏–Ω–∞–±–µ—Ä–µ–≥–æ–≤–æ–≥–æ,–ê–ª–º–∞—Ç—ã,–¢—É—Ä–∫—Å–∏–±—Å–∫–∏–π —Ä–∞–π–æ–Ω,77.011309,43.348096
–ê–õ–ú–ê–¢–´ (–ö–í–ê–†–ï–ù–î–ê–ü–û–î–°–ï–õüè†),–¢–∏–º–∏—Ä—è–∑–µ–≤–∞–†–æ–∑—ã–±–∞–∫–∏–µ–≤–∞,–ê–ª–º–∞—Ç—ã,–¢—É—Ä–∫—Å–∏–±—Å–∫–∏–π —Ä–∞–π–æ–Ω,77.011309,43.348096
–ê–õ–ú–ê–¢–´ (–ö–í–ê–†–ï–ù–î–ê–ü–û–î–°–ï–õüè†),–¢”©–ª–µ–±–∏ –ú–æ–º—ã—à“±–ª—ã,–ê–ª–º–∞—Ç—ã,–ê—É—ç–∑–æ–≤—Å–∫–∏–π —Ä–∞–π–æ–Ω,76.830417,43.239151
–ê–õ–ú–ê–¢–´ (–ö–í–ê–†–ï–ù–î–ê–ü–û–î–°–ï–õüè†),–ê–ª–º–∞—Ç—ã,–ê–ª–º–∞—Ç—ã,–¢—É—Ä–∫—Å–∏–±—Å–∫–∏–π —Ä–∞–π–æ–Ω,77.011309,43.348096
–ê–õ–ú–ê–¢–´ (–ö–í–ê–†–ï–ù–î–ê–ü–û–î–°–ï–õüè†),–ñ–ö –ù–£–†–ò–Ø,,,,
–ê–õ–ú–ê–¢–´ (–ö–í–ê–†–ï–ù–î–ê–ü–û–î–°–ï–õüè†),–ê—Ä–±–∞—Ç–∞,–ê–ª–º–∞—Ç—ã,–ê–ª–º–∞–ª–∏–Ω—Å–∫–∏–π —Ä–∞–π–æ–Ω,76.936417,43.261205
–ê–õ–ú–ê–¢–´ (–ö–í–ê–†–ï–ù–î–ê–ü–û–î–°–ï–õüè†),–ñ–ö –ú–µ–¥–µ—É –ü–∞—Ä–∫,–ê–ª–º–∞—Ç—ã,–ú–µ–¥–µ—É—Å–∫–∏–π —Ä–∞–π–æ–Ω,76.964553,43.255834
–ê–õ–ú–ê–¢–´ (–ö–í–ê–†–ï–ù–î–ê–ü–û–î–°–ï–õüè†),–ö–ª–æ—á–∫–æ–≤–∞ 166 —Ç–∏–º–∏—Ä—è–∑–µ–≤–∞ –∞—É—ç–∑–æ–≤–∞,–ê–ª–º–∞—Ç—ã,–ë–æ—Å—Ç–∞–Ω–¥—ã–∫—Å–∫–∏–π —Ä–∞–π–æ–Ω,76.903833,43.229523
–ê–õ–ú–ê–¢–´ (–ö–í–ê–†–ï–ù–î–ê–ü–û–î–°–ï–õüè†),–ñ–ö –ñ–µ—Ç–∏—Å—É –ø–∞—Ä–∫ –Ω–∞ –ï—Å–µ–Ω–æ–≤–∞ –ë–∞—è–Ω–∞—É—ã–ª—å—Å–∫–∞—è,–ê–ª–º–∞—Ç—ã,–ñ–µ—Ç—ã—Å—É—Å–∫–∏–π —Ä–∞–π–æ–Ω,76.949901,43.287657
–ê–õ–ú–ê–¢–´ (–ö–í–ê–†–ï–ù–î–ê–ü–û–î–°–ï–õüè†),–ö–≤–∞—Ä—Ç–∏—Ä–∞ –æ—Ñ–∏—Å –ë–∞–π–∑–∞–∫ –∂–∞“õ—Ç–∞ –ú—É–∏—Ç —É–Ω–∏–≤–µ—Ä—Å–∏—Ç–µ—Ç—ã–Ω–∞ 5 –º–∏–Ω—É—Ç –∂–µ—Ä–¥–µ,–ê–ª–º–∞—Ç—ã,–ù–∞—É—Ä—ã–∑–±–∞–π—Å–∫–∏–π —Ä–∞–π–æ–Ω,76.775207,43.213039
–ê–õ–ú–ê–¢–´ (–ö–í–ê–†–ï–ù–î–ê–ü–û–î–°–ï–õüè†),–ñ–∫ 17 —ç—Ç–∞–∂,–ê–ª–º–∞—Ç—ã,–ê—É—ç–∑–æ–≤—Å–∫–∏–π —Ä–∞–π–æ–Ω,76.881524,43.217163
–ê–õ–ú–ê–¢–´ (–ö–í–ê–†–ï–ù–î–ê–ü–û–î–°–ï–õüè†),–ê–ª–º–∞—Ç—ã,–ê–ª–º–∞—Ç—ã,–¢—É—Ä–∫—Å–∏–±—Å–∫–∏–π —Ä–∞–π–æ–Ω,77.011309,43.348096
–ê–õ–ú–ê–¢–´ (–ö–í–ê–†–ï–ù–î–ê–ü–û–î–°–ï–õüè†),–ñ–ö –ú–∞–Ω—Ö—ç—Ç—Ç–∞–Ω –¢–µ—Ä–∞–∫–æ—Ç—Ç–∞ –°–∏–º—Ñ–æ–Ω–∏—è –ê–ª—Ç—ã–Ω–±—É–ª–∞–∫ –û–Ω–µ—Ä –ì–∞—É—Ö–∞—Ä—Ç–∞—Å,–ê–ª–º–∞—Ç—ã,–ë–æ—Å—Ç–∞–Ω–¥—ã–∫—Å–∫–∏–π —Ä–∞–π–æ–Ω,76.898774,43.200762
–ê–õ–ú–ê–¢–´ (–ö–í–ê–†–ï–ù–î–ê–ü–û–î–°–ï–õüè†),–ê–ª–º–∞–ª–∏–Ω—Å–∫–∏–π —Ä–∞–π–æ–Ω –¢–æ–ª–µ –±–∏ –ë–∞–π–∑–∞–∫–æ–≤–∞,–ê–ª–º–∞—Ç—ã,–ê–ª–º–∞–ª–∏–Ω—Å–∫–∏–π —Ä–∞–π–æ–Ω,76.910152,43.252382
–ê–õ–ú–ê–¢–´ (–ö–í–ê–†–ï–ù–î–ê–ü–û–î–°–ï–õüè†),–ê–Ω–æ—Å–æ–≤–∞ 45,–ê–ª–º–∞—Ç—ã,–ê–ª–º–∞–ª–∏–Ω—Å–∫–∏–π —Ä–∞–π–æ–Ω,76.883559,43.25353
–ê–õ–ú–ê–¢–´ (–ö–í–ê–†–ï–ù–î–ê–ü–û–î–°–ï–õüè†),–°–∞–∏–Ω–∞ –¢–æ–ª–µ –±–∏ –¢–∞—à–∫–µ–Ω—Ç—Å–∫–∞—è –ú–æ–º—ã—à—É–ª—ã,–ê–ª–º–∞—Ç—ã,–ê—É—ç–∑–æ–≤—Å–∫–∏–π —Ä–∞–π–æ–Ω,76.834068,43.242131
–ê–õ–ú–ê–¢–´ (–ö–í–ê–†–ï–ù–î–ê–ü–û–î–°–ï–õüè†),–ê–ª–º–∞–ª–∏–Ω—Å–∫–æ–º —Ä–∞–π–æ–Ω–∞,–ê–ª–º–∞—Ç—ã,–ê–ª–º–∞–ª–∏–Ω—Å–∫–∏–π —Ä–∞–π–æ–Ω,76.912738,43.251274
–ê–õ–ú–ê–¢–´ (–ö–í–ê–†–ï–ù–î–ê–ü–û–î–°–ï–õüè†),"–†–æ–∑—ã–±–∞–∫–∏–µ–≤–∞ –∏–ª–∏ –ì–∞–≥–∞—Ä–∏–Ω–∞, –ë–æ—Å—Ç–∞–Ω–¥—ã–∫—Å–∫–∏–π —Ä–∞–π–æ–Ω",–ê–ª–º–∞—Ç—ã,–ë–æ—Å—Ç–∞–Ω–¥—ã–∫—Å–∫–∏–π —Ä–∞–π–æ–Ω,76.89648,43.235012
–ê–õ–ú–ê–¢–´ (–ö–í–ê–†–ï–ù–î–ê–ü–û–î–°–ï–õüè†),–î—Ä–∞–≥–æ–Ω —Å–∏—Ç–∏ –°–∞–ª–µ–º –±–∞–∑–∞—Ä—ã –∂–∞–∫—Ç–∞,–ê–ª–º–∞—Ç—ã,–ñ–µ—Ç—ã—Å—É—Å–∫–∏–π —Ä–∞–π–æ–Ω,76.895686,43.300376
–ê–õ–ú–ê–¢–´ (–ö–í–ê–†–ï–ù–î–ê–ü–û–î–°–ï–õüè†),–ë–æ—Å—Ç–∞–Ω–¥—ã–∫—Å–∫–∏–π —Ä–∞–π–æ–Ω,–ê–ª–º–∞—Ç—ã,–ë–æ—Å—Ç–∞–Ω–¥—ã–∫—Å–∫–∏–π —Ä–∞–π–æ–Ω,76.892411,43.202959
–ê–õ–ú–ê–¢–´ (–ö–í–ê–†–ï–ù–î–ê–ü–û–î–°–ï–õüè†),–ù—É—Ä–∫–µ–Ω—Ç –º–∫—Ä62,–ê–ª–º–∞—Ç—ã,–ê–ª–∞—Ç–∞—É—Å–∫–∏–π —Ä–∞–π–æ–Ω,76.819754,43.253996
–ê–õ–ú–ê–¢–´ (–ö–í–ê–†–ï–ù–î–ê–ü–û–î–°–ï–õüè†),–ê–ª–º–∞–ª–∏–Ω—Å–∫–æ–º–ë–æ—Å—Ç–∞–Ω–¥—ã–∫—Å–∫–æ–º —Ä–∞–π–æ–Ω–µ –±–ª–∏–∂–µ –∫ –ë–∞–π–∫–æ–Ω—ã—Ä —Å—Ç–∞–Ω—Ü–∏–∏ –º–µ—Ç—Ä–æ,–ê–ª–º–∞—Ç—ã,–ë–æ—Å—Ç–∞–Ω–¥—ã–∫—Å–∫–∏–π —Ä–∞–π–æ–Ω,76.921671,43.234157
–ê–õ–ú–ê–¢–´ (–ö–í–ê–†–ï–ù–î–ê–ü–û–î–°–ï–õüè†),–ê–ª–º–∞–ª–∏–Ω—Å–∫–∏–π —Ä–∞–π–æ–Ω,–ê–ª–º–∞—Ç—ã,–ê–ª–º–∞–ª–∏–Ω—Å–∫–∏–π —Ä–∞–π–æ–Ω,76.944792,43.250366
–ê–õ–ú–ê–¢–´ (–ö–í–ê–†–ï–ù–î–ê–ü–û–î–°–ï–õüè†),–ê–ª–º–∞–ª–∏–Ω—Å–∫–æ–º —Ä–∞–π–æ–Ω–µ —Ü–µ–Ω—Ç—Ä,–ê–ª–º–∞—Ç—ã,–ê–ª–º–∞–ª–∏–Ω—Å–∫–∏–π —Ä–∞–π–æ–Ω,76.912738,43.251274
–ê–õ–ú–ê–¢–´ (–ö–í–ê–†–ï–ù–î–ê–ü–û–î–°–ï–õüè†),–ñ–∫ –ñ–µ—Ç–∏—Å—É –ü–∞—Ä–∫,–ê–ª–º–∞—Ç—ã,–ñ–µ—Ç—ã—Å—É—Å–∫–∏–π —Ä–∞–π–æ–Ω,76.949901,43.287657
–ê–õ–ú–ê–¢–´ (–ö–í–ê–†–ï–ù–î–ê–ü–û–î–°–ï–õüè†),–ê–ª–º–∞–ª–∏–Ω—Å–∫–∏–π —Ä–∞–π–æ–Ω,–ê–ª–º–∞—Ç—ã,–ê–ª–º–∞–ª–∏–Ω—Å–∫–∏–π —Ä–∞–π–æ–Ω,76.944792,43.250366
–ê–õ–ú–ê–¢–´ (–ö–í–ê–†–ï–ù–î–ê–ü–û–î–°–ï–õüè†),–ñ–∞—Ä–æ–∫–æ–≤–∞ –ñ–∞–º–±—ã–ª–∞ –º–µ–∂–¥—É –¢–æ–ª–µ –±–∏ –∏ –ê–±–∞—è,–ê–ª–º–∞—Ç—ã,–ê–ª–º–∞–ª–∏–Ω—Å–∫–∏–π —Ä–∞–π–æ–Ω,76.897208,43.251574
–ê–õ–ú–ê–¢–´ (–ö–í–ê–†–ï–ù–î–ê–ü–û–î–°–ï–õüè†),–ú–µ–¥–µ—É—Å–∫–æ–≥–æ –ù–∞—É—Ä—ã–∑–±–∞–π—Å–∫–æ–≥–æ —Ä–∞–π–æ–Ω–∞,–ê–ª–º–∞—Ç—ã,–ù–∞—É—Ä—ã–∑–±–∞–π—Å–∫–∏–π —Ä–∞–π–æ–Ω,76.790634,43.206951
–ê–õ–ú–ê–¢–´ (–ö–í–ê–†–ï–ù–î–ê–ü–û–î–°–ï–õüè†),–î—Ä–∞–≥–æ–Ω —Å–∏—Ç–∏ –°–∞–ª–µ–º –±–∞–∑–∞—Ä—ã –∂–∞–∫—Ç–∞,–ê–ª–º–∞—Ç—ã,–ñ–µ—Ç—ã—Å—É—Å–∫–∏–π —Ä–∞–π–æ–Ω,76.895686,43.300376
–ê–õ–ú–ê–¢–´ (–ö–í–ê–†–ï–ù–î–ê–ü–û–î–°–ï–õüè†),–ê–ª–º–∞–ª–∏–Ω—Å–∫–æ–º —Ä–∞–π–æ–Ω–µ —Ü–µ–Ω—Ç—Ä,–ê–ª–º–∞—Ç—ã,–ê–ª–º–∞–ª–∏–Ω—Å–∫–∏–π —Ä–∞–π–æ–Ω,76.912738,43.251274
–ê–õ–ú–ê–¢–´ (–ö–í–ê–†–ï–ù–î–ê–ü–û–î–°–ï–õüè†),—Ä—è–¥–æ–º —Å —Ü–µ–Ω—Ç—Ä–∞–ª—å–Ω–æ–π –º–µ—á–µ—Ç—å—é –∏ –∑–µ–ª–µ–Ω—ã–º –±–∞–∑–∞—Ä–æ–º,–ê–ª–º–∞—Ç—ã,–ú–µ–¥–µ—É—Å–∫–∏–π —Ä–∞–π–æ–Ω,76.955077,43.263577
–ê–õ–ú–ê–¢–´ (–ö–í–ê–†–ï–ù–î–ê–ü–û–î–°–ï–õüè†),—Ü–µ–Ω—Ç—Ä –≥–æ—Ä–æ–¥–∞,–ê–ª–º–∞—Ç—ã,–ê–ª–∞—Ç–∞—É—Å–∫–∏–π —Ä–∞–π–æ–Ω,76.813287,43.258436
–ê–õ–ú–ê–¢–´ (–ö–í–ê–†–ï–ù–î–ê–ü–û–î–°–ï–õüè†),—Ü–µ–Ω—Ç—Ä –≥–æ—Ä–æ–¥–∞,–ê–ª–º–∞—Ç—ã,–ê–ª–∞—Ç–∞—É—Å–∫–∏–π —Ä–∞–π–æ–Ω,76.813287,43.258436
–ê–õ–ú–ê–¢–´ (–ö–í–ê–†–ï–ù–î–ê–ü–û–î–°–ï–õüè†),"–ë–µ–≥–∞–ª–∏–Ω–∞ 13, –ú–µ–¥–µ—É—Å–∫–æ–º —Ä–∞–π–æ–Ω–µ",–ê–ª–º–∞—Ç—ã,–ú–µ–¥–µ—É—Å–∫–∏–π —Ä–∞–π–æ–Ω,76.965079,43.255261
–ê–õ–ú–ê–¢–´ (–ö–í–ê–†–ï–ù–î–ê–ü–û–î–°–ï–õüè†),–ú–ï–î–ï–£–°–ö–ò–ô –†–ê–ô–û–ù –î–£–ú–ê–ù 2,–ê–ª–º–∞—Ç—ã,–ú–µ–¥–µ—É—Å–∫–∏–π —Ä–∞–π–æ–Ω,77.002331,43.28859
–ê–õ–ú–ê–¢–´ (–ö–í–ê–†–ï–ù–î–ê–ü–û–î–°–ï–õüè†),–ê–ª–º–∞–ª—ã –Ω–µ–º–µ—Å–µ –ë–æ—Å—Ç–∞–Ω–¥—ã“õ —Ä–∞–π–æ–Ω—ã –ê—Ç–∞–∫–µ–Ω—Ç,–ê–ª–º–∞—Ç—ã,–ë–æ—Å—Ç–∞–Ω–¥—ã–∫—Å–∫–∏–π —Ä–∞–π–æ–Ω,76.909414,43.22322
–ê–õ–ú–ê–¢–´ (–ö–í–ê–†–ï–ù–î–ê–ü–û–î–°–ï–õüè†),–°–µ–π—Ñ—É–ª–ª–∏–Ω–∞ 515 –ñ–∫ —Ç–µ—Ä–µ–º–∫–∏,–ê–ª–º–∞—Ç—ã,–¢—É—Ä–∫—Å–∏–±—Å–∫–∏–π —Ä–∞–π–æ–Ω,76.938966,43.327225
–ê–õ–ú–ê–¢–´ (–ö–í–ê–†–ï–ù–î–ê–ü–û–î–°–ï–õüè†),–∂–∞—Ä–æ–∫–æ–≤–∞ 164,–ê–ª–º–∞—Ç—ã,–ë–æ—Å—Ç–∞–Ω–¥—ã–∫—Å–∫–∏–π —Ä–∞–π–æ–Ω,76.900922,43.232041
–ê–õ–ú–ê–¢–´ (–ö–í–ê–†–ï–ù–î–ê–ü–û–î–°–ï–õüè†),–¢–∞—É–≥—É–ª—å1,–ê–ª–º–∞—Ç—ã,–ê—É—ç–∑–æ–≤—Å–∫–∏–π —Ä–∞–π–æ–Ω,76.837241,43.204045
–ê–õ–ú–ê–¢–´ (–ö–í–ê–†–ï–ù–î–ê–ü–û–î–°–ï–õüè†),Dragon city Salem Bazaar,–ê–ª–º–∞—Ç—ã,–ñ–µ—Ç—ã—Å—É—Å–∫–∏–π —Ä–∞–π–æ–Ω,76.896543,43.297869
–ê–õ–ú–ê–¢–´ (–ö–í–ê–†–ï–ù–î–ê–ü–û–î–°–ï–õüè†),–ë–æ—Å—Ç–∞–Ω–¥—ã–∫–æ–≤–∫–æ–º –∏–ª–∏ –ê–ª–º–∞–ª–∏–Ω—Å–∫–æ–º —Ä–∞–π–æ–Ω–µ,–ê–ª–º–∞—Ç—ã,–¢—É—Ä–∫—Å–∏–±—Å–∫–∏–π —Ä–∞–π–æ–Ω,77.011309,43.348096
–ê–õ–ú–ê–¢–´ (–ö–í–ê–†–ï–ù–î–ê–ü–û–î–°–ï–õüè†),—É–ª–∏—Ü–∞ –ú—É—Å—Ç–∞–π –ö–∞—Ä–∏–º,–ê–ª–º–∞—Ç—ã,–ê—É—ç–∑–æ–≤—Å–∫–∏–π —Ä–∞–π–æ–Ω,76.855273,43.210735
–ê–õ–ú–ê–¢–´ (–ö–í–ê–†–ï–ù–î–ê–ü–û–î–°–ï–õüè†),–ê–ª–º–∞–ª–∏–Ω—Å–∫–∏–π –ê—É—ç–∑–æ–≤—Å–∫–∏–π —Ä–∞–π–æ–Ω,–ê–ª–º–∞—Ç—ã,–ê–ª–º–∞–ª–∏–Ω—Å–∫–∏–π —Ä–∞–π–æ–Ω,76.870767,43.249506
–ê–õ–ú–ê–¢–´ (–ö–í–ê–†–ï–ù–î–ê–ü–û–î–°–ï–õüè†),–¢–∏–º–µ—Ä—è–∑–µ–≤–∞–ì–∞–≥–∞—Ä–∏–Ω–∞,–ê–ª–º–∞—Ç—ã,–¢—É—Ä–∫—Å–∏–±—Å–∫–∏–π —Ä–∞–π–æ–Ω,77.011309,43.348096
–ê–õ–ú–ê–¢–´ (–ö–í–ê–†–ï–ù–î–ê–ü–û–î–°–ï–õüè†),—Ä–∞–π–æ–Ω –ê–ª–º–∞–ª–∏–Ω—Å–∫–∏–π –ë–æ—Å—Ç–∞–¥—ã–Ω—Å–∫–∏–π,–ê–ª–º–∞—Ç—ã,–ê–ª–º–∞–ª–∏–Ω—Å–∫–∏–π —Ä–∞–π–æ–Ω,76.944792,43.250366
–ê–õ–ú–ê–¢–´ (–ö–í–ê–†–ï–ù–î–ê–ü–û–î–°–ï–õüè†),"–†–∞–π–º–±–µ–∫–∞ 245, –ñ–µ—Ç—ã—Å—É—Å–∫–∏–π —Ä–∞–π–æ–Ω",–ê–ª–º–∞—Ç—ã,–ñ–µ—Ç—ã—Å—É—Å–∫–∏–π —Ä–∞–π–æ–Ω,76.899916,43.265391
–ê–õ–ú–ê–¢–´ (–ö–í–ê–†–ï–ù–î–ê–ü–û–î–°–ï–õüè†),–ê–ª–º–∞–ª–∏–Ω—Å–∫–∏–π —Ä–∞–π–æ–Ω,–ê–ª–º–∞—Ç—ã,–ê–ª–º–∞–ª–∏–Ω—Å–∫–∏–π —Ä–∞–π–æ–Ω,76.944792,43.250366
–ê–õ–ú–ê–¢–´ (–ö–í–ê–†–ï–ù–î–ê–ü–û–î–°–ï–õüè†),–®–µ–≤—á–µ–Ω–∫–æ 85,–ê–ª–º–∞—Ç—ã,–ê–ª–º–∞–ª–∏–Ω—Å–∫–∏–π —Ä–∞–π–æ–Ω,76.93516,43.245935
–ê–õ–ú–ê–¢–´ (–ö–í–ê–†–ï–ù–î–ê–ü–û–î–°–ï–õüè†),–ê–ª–º–∞–ª–∏–Ω—Å–∫–∏–π —Ä–∞–π–æ–Ω,–ê–ª–º–∞—Ç—ã,–ê–ª–º–∞–ª–∏–Ω—Å–∫–∏–π —Ä–∞–π–æ–Ω,76.944792,43.250366
–ê–õ–ú–ê–¢–´ (–ö–í–ê–†–ï–ù–î–ê–ü–û–î–°–ï–õüè†),–ê–∫—Å–∞–π 2 35 –¢–æ–ª–µ–±–∏ –°–∞–π–Ω–∞,–ê–ª–º–∞—Ç—ã,–ê—É—ç–∑–æ–≤—Å–∫–∏–π —Ä–∞–π–æ–Ω,76.837324,43.242256
–ê–õ–ú–ê–¢–´ (–ö–í–ê–†–ï–ù–î–ê–ü–û–î–°–ï–õüè†),—Ç—É—Ä–≥—É—Ç–æ–∑–∞–ª–∞ 94 —Ç–∞—Å—Ç–∞–∫ 2,–ê–ª–º–∞—Ç—ã,–ê—É—ç–∑–æ–≤—Å–∫–∏–π —Ä–∞–π–æ–Ω,76.861146,43.248712
–ê–õ–ú–ê–¢–´ (–ö–í–ê–†–ï–ù–î–ê–ü–û–î–°–ï–õüè†),–ê–ª–º–∞–ª–∏–Ω—Å–∫–∏–π —Ä–∞–π–æ–Ω,–ê–ª–º–∞—Ç—ã,–ê–ª–º–∞–ª–∏–Ω—Å–∫–∏–π —Ä–∞–π–æ–Ω,76.944792,43.250366
–ê–õ–ú–ê–¢–´ (–ö–í–ê–†–ï–ù–î–ê–ü–û–î–°–ï–õüè†),–ñ–∫ –î–æ–º –Ω–∞ –ê–±–∞—è,–ê–ª–º–∞—Ç—ã,–ë–æ—Å—Ç–∞–Ω–¥—ã–∫—Å–∫–∏–π —Ä–∞–π–æ–Ω,76.896936,43.238051
–ê–õ–ú–ê–¢–´ (–ö–í–ê–†–ï–ù–î–ê–ü–û–î–°–ï–õüè†),–ê–±–∞—è –¢—É—Ä–≥—É—Ç –û–∑–∞–ª–∞ –ñ–ö –ì–∞—É—Ö–∞—Ä—Ç–∞—Å 13 —ç—Ç–∞–∂,–ê–ª–º–∞—Ç—ã,–ë–æ—Å—Ç–∞–Ω–¥—ã–∫—Å–∫–∏–π —Ä–∞–π–æ–Ω,76.883373,43.237467
–ê–õ–ú–ê–¢–´ (–ö–í–ê–†–ï–ù–î–ê–ü–û–î–°–ï–õüè†),–ê–ª–º–∞–ª–∏–Ω—Å–∫–∏–π —Ä–Ω,–ê–ª–º–∞—Ç—ã,–ê–ª–∞—Ç–∞—É—Å–∫–∏–π —Ä–∞–π–æ–Ω,76.862412,43.256903
–ê–õ–ú–ê–¢–´ (–ö–í–ê–†–ï–ù–î–ê–ü–û–î–°–ï–õüè†),–ê–∫—Å–∞–π,–ê–ª–º–∞—Ç—ã,–ê—É—ç–∑–æ–≤—Å–∫–∏–π —Ä–∞–π–æ–Ω,76.833343,43.229398
–ê–õ–ú–ê–¢–´ (–ö–í–ê–†–ï–ù–î–ê–ü–û–î–°–ï–õüè†),–ñ–ö –°–∏–º—Ñ–æ–Ω–∏—è,–ê–ª–º–∞—Ç—ã,–ë–æ—Å—Ç–∞–Ω–¥—ã–∫—Å–∫–∏–π —Ä–∞–π–æ–Ω,76.875716,43.231449
–ê–õ–ú–ê–¢–´ (–ö–í–ê–†–ï–ù–î–ê–ü–û–î–°–ï–õüè†),–æ–∫–æ–ª–æ –ú–æ—Å–∫–≤—ã –∏ –ì—Ä–∞–Ω–¥ –ø–∞—Ä–∫–∞,–ê–ª–º–∞—Ç—ã,–ê—É—ç–∑–æ–≤—Å–∫–∏–π —Ä–∞–π–æ–Ω,76.863859,43.227161
–ê–õ–ú–ê–¢–´ (–ö–í–ê–†–ï–ù–î–ê–ü–û–î–°–ï–õüè†),–ú–∞—Å–∞–Ω—á–∏ –∏ –∫–æ—Ä–ø—É—Å–∞ –ö–∞—Å–ø–∏–π—Å–∫–æ–≥–æ —É–Ω–∏–≤–µ—Ä—Å–∏—Ç–µ—Ç–∞ –Ω–∞ –°–µ–π—Ñ—É–ª–ª–∏–Ω–∞,–ê–ª–º–∞—Ç—ã,–ê–ª–º–∞–ª–∏–Ω—Å–∫–∏–π —Ä–∞–π–æ–Ω,76.932022,43.256885
–ê–õ–ú–ê–¢–´ (–ö–í–ê–†–ï–ù–î–ê–ü–û–î–°–ï–õüè†),–ì–æ–≥–æ–ª—è–ê–±—ã–ª–∞–π —Ö–∞–Ω–∞,–ê–ª–º–∞—Ç—ã,–¢—É—Ä–∫—Å–∏–±—Å–∫–∏–π —Ä–∞–π–æ–Ω,77.011309,43.348096
–ê–õ–ú–ê–¢–´ (–ö–í–ê–†–ï–ù–î–ê–ü–û–î–°–ï–õüè†),–ë–æ—Å—Ç–∞–Ω–¥—ã–∫—Å–∫–æ–º —Ä–∞–π–æ–Ω–µ,–ê–ª–º–∞—Ç—ã,–¢—É—Ä–∫—Å–∏–±—Å–∫–∏–π —Ä–∞–π–æ–Ω,77.011309,43.348096
–ê–õ–ú–ê–¢–´ (–ö–í–ê–†–ï–ù–î–ê–ü–û–î–°–ï–õüè†),–ë–æ—Å—Ç–∞–Ω–¥—ã–∫—Å–∏–π —Ä–∞–π–æ–Ω–Ω–∞–Ω –ö–æ–∫—Ç–µ–º123–∏–ª–∏ –ö–∞–∑–Ω—É –∂–∞–Ω—ã–Ω–∞–Ω,–ê–ª–º–∞—Ç—ã,–ë–æ—Å—Ç–∞–Ω–¥—ã–∫—Å–∫–∏–π —Ä–∞–π–æ–Ω,76.920583,43.225266
–ê–õ–ú–ê–¢–´ (–ö–í–ê–†–ï–ù–î–ê–ü–û–î–°–ï–õüè†),–≤ —Ü–µ–Ω—Ç—Ä–µ –≥–æ—Ä–æ–¥–∞,–ê–ª–º–∞—Ç—ã,–ê–ª–º–∞–ª–∏–Ω—Å–∫–∏–π —Ä–∞–π–æ–Ω,76.935716,43.266526
–ê–õ–ú–ê–¢–´ (–ö–í–ê–†–ï–ù–î–ê–ü–û–î–°–ï–õüè†),–ñ–∏–ª–æ–π –∫–æ–º–ø–ª–µ–∫—Å,–ê–ª–º–∞—Ç—ã,–ë–æ—Å—Ç–∞–Ω–¥—ã–∫—Å–∫–∏–π —Ä–∞–π–æ–Ω,76.898774,43.200762
–ê–õ–ú–ê–¢–´ (–ö–í–ê–†–ï–ù–î–ê–ü–û–î–°–ï–õüè†),–ê“õ—Å–∞–π 3–∞ 52,–ê–ª–º–∞—Ç—ã,–ê—É—ç–∑–æ–≤—Å–∫–∏–π —Ä–∞–π–æ–Ω,76.828746,43.234553
–ê–õ–ú–ê–¢–´ (–ö–í–ê–†–ï–ù–î–ê–ü–û–î–°–ï–õüè†),–ë–æ—Å—Ç–∞–Ω–¥—ã–∫—Å–∫–∏–π –ê–ª–º–∞–ª–∏–Ω—Å–∫–∏–π —Ä–∞–π–æ–Ω,–ê–ª–º–∞—Ç—ã,–ë–æ—Å—Ç–∞–Ω–¥—ã–∫—Å–∫–∏–π —Ä–∞–π–æ–Ω,76.929552,43.236508
–ê–õ–ú–ê–¢–´ (–ö–í–ê–†–ï–ù–î–ê–ü–û–î–°–ï–õüè†),–ê—É–µ–∑–æ–≤—Å–∫–∏–π –ë–æ—Å—Ç–∞–Ω–¥—ã–∫—Å–∫–∏–π –ê–ª–º–∞–ª–∏–Ω—Å–∫–∏–π —Ä–∞–π–æ–Ω—ã,–ê–ª–º–∞—Ç—ã,–ë–æ—Å—Ç–∞–Ω–¥—ã–∫—Å–∫–∏–π —Ä–∞–π–æ–Ω,76.882846,43.233847
–ê–õ–ú–ê–¢–´ (–ö–í–ê–†–ï–ù–î–ê–ü–û–î–°–ï–õüè†),–ê–±–∞—è –ú–æ–º—ã—à—É–ª—ã,–ê–ª–º–∞—Ç—ã,–ê—É—ç–∑–æ–≤—Å–∫–∏–π —Ä–∞–π–æ–Ω,76.838235,43.216853
–ê–õ–ú–ê–¢–´ (–ö–í–ê–†–ï–ù–î–ê–ü–û–î–°–ï–õüè†),–ê–ª–º–∞–ª–∏–Ω—Å–∫–∏–π –º–µ–¥–µ—É—Å–∫–∏–π —Ä–∞–π–æ–Ω,–ê–ª–º–∞—Ç—ã,–ê–ª–º–∞–ª–∏–Ω—Å–∫–∏–π —Ä–∞–π–æ–Ω,76.944792,43.250366
–ê–õ–ú–ê–¢–´ (–ö–í–ê–†–ï–ù–î–ê–ü–û–î–°–ï–õüè†),6–º–∫—Ä –ú–æ—Å–∫–≤–∞,–ê–ª–º–∞—Ç—ã,–ê—É—ç–∑–æ–≤—Å–∫–∏–π —Ä–∞–π–æ–Ω,76.868021,43.230709
–ê–õ–ú–ê–¢–´ (–ö–í–ê–†–ï–ù–î–ê–ü–û–î–°–ï–õüè†),–¢–æ–ª–µ –±–∏ –ú—É—Ä–∞—Ç–±–∞–µ–≤–∞,–ê–ª–º–∞—Ç—ã,–ê–ª–º–∞–ª–∏–Ω—Å–∫–∏–π —Ä–∞–π–æ–Ω,76.918589,43.253016
–ê–õ–ú–ê–¢–´ (–ö–í–ê–†–ï–ù–î–ê–ü–û–î–°–ï–õüè†),–°–∞–π—Ä–∞–Ω–ê—Ç—É —É–Ω–∏–≤–µ—Ä –¥”ô–ª –∂–∞–Ω—ã–Ω–¥–∞,–ê–ª–º–∞—Ç—ã,–¢—É—Ä–∫—Å–∏–±—Å–∫–∏–π —Ä–∞–π–æ–Ω,77.011309,43.348096
–ê–õ–ú–ê–¢–´ (–ö–í–ê–†–ï–ù–î–ê–ü–û–î–°–ï–õüè†),–î–∞—Ä–∞–±–æ–∑ 7 –ø–æ–¥—ä–µ–∑–¥ 1 –ê–ª–º–∞—Ç—ã –∞—Ä–µ–Ω–∞“ì–∞ “õ–∞—Ä–∞–º–∞“õ–∞—Ä—Å—ã,–ê–ª–º–∞—Ç—ã,–ê–ª–∞—Ç–∞—É—Å–∫–∏–π —Ä–∞–π–æ–Ω,76.820093,43.265465
–ê–õ–ú–ê–¢–´ (–ö–í–ê–†–ï–ù–î–ê–ü–û–î–°–ï–õüè†),–ñ–∫ –°–∏–º—Ñ–æ–Ω–∏—è,–ê–ª–º–∞—Ç—ã,–ë–æ—Å—Ç–∞–Ω–¥—ã–∫—Å–∫–∏–π —Ä–∞–π–æ–Ω,76.875716,43.231449
–ê–õ–ú–ê–¢–´ (–ö–í–ê–†–ï–ù–î–ê–ü–û–î–°–ï–õüè†),–†–∞–π–æ–Ω –ê—Ç–∞–∫–µ–Ω—Ç–∞ –ì–∞–≥–∞—Ä–∏–Ω–∞ –¢–∏–º–∏—Ä—è–∑–µ–≤–∞,–ê–ª–º–∞—Ç—ã,–ë–æ—Å—Ç–∞–Ω–¥—ã–∫—Å–∫–∏–π —Ä–∞–π–æ–Ω,76.932978,43.228526
–ê–õ–ú–ê–¢–´ (–ö–í–ê–†–ï–ù–î–ê–ü–û–î–°–ï–õüè†),–ê–ª–º–∞–ª–∏–Ω—Å–∫–∏–π —Ä–∞–π–æ–Ω,–ê–ª–º–∞—Ç—ã,–ê–ª–º–∞–ª–∏–Ω—Å–∫–∏–π —Ä–∞–π–æ–Ω,76.944792,43.250366
–ê–õ–ú–ê–¢–´ (–ö–í–ê–†–ï–ù–î–ê–ü–û–î–°–ï–õüè†),—Ä–∞–π–æ–Ω –ë–æ—Å—Ç–∞–Ω–¥—ã–∫—Å–∫–æ–≥–æ –±–ª–∏–∂–µ –∫ –¢–∏–º–∏—Ä—è–∑–µ–≤–∞,–ê–ª–º–∞—Ç—ã,–ë–æ—Å—Ç–∞–Ω–¥—ã–∫—Å–∫–∏–π —Ä–∞–π–æ–Ω,76.900985,43.207815
–ê–õ–ú–ê–¢–´ (–ö–í–ê–†–ï–ù–î–ê–ü–û–î–°–ï–õüè†),–ñ–ö –ê—Å—ã–ª –¢–∞—É,–ê–ª–º–∞—Ç—ã,–ë–æ—Å—Ç–∞–Ω–¥—ã–∫—Å–∫–∏–π —Ä–∞–π–æ–Ω,76.885924,43.230699
–ê–õ–ú–ê–¢–´ (–ö–í–ê–†–ï–ù–î–ê–ü–û–î–°–ï–õüè†),2—è –ö–∞—Å—Ç–µ–∫—Å–∫–∞—è 18,–ê–ª–º–∞—Ç—ã,–ê–ª–º–∞–ª–∏–Ω—Å–∫–∏–π —Ä–∞–π–æ–Ω,76.913951,43.265938
–ê–õ–ú–ê–¢–´ (–ö–í–ê–†–ï–ù–î–ê–ü–û–î–°–ï–õüè†),–ñ–∞–Ω–¥–æ—Å–æ–≤–∞–ñ–∞—Ä–æ–∫–æ–≤–∞,–ê–ª–º–∞—Ç—ã,–¢—É—Ä–∫—Å–∏–±—Å–∫–∏–π —Ä–∞–π–æ–Ω,77.011309,43.348096
–ê–õ–ú–ê–¢–´ (–ö–í–ê–†–ï–ù–î–ê–ü–û–î–°–ï–õüè†),–ë“±—Ö–∞—Ä –ñ–∞—Ä–∞—É 40–∞,–ê–ª–º–∞—Ç—ã,–ë–æ—Å—Ç–∞–Ω–¥—ã–∫—Å–∫–∏–π —Ä–∞–π–æ–Ω,76.914501,43.230656
–ê–õ–ú–ê–¢–´ (–ö–í–ê–†–ï–ù–î–ê–ü–û–î–°–ï–õüè†),–ù–∞–≤–æ–∏ –¢–æ–∫—Ç–∞–±–∞–µ–≤–∞,–ê–ª–º–∞—Ç—ã,–ë–æ—Å—Ç–∞–Ω–¥—ã–∫—Å–∫–∏–π —Ä–∞–π–æ–Ω,76.882968,43.211229
–ê–õ–ú–ê–¢–´ (–ö–í–ê–†–ï–ù–î–ê–ü–û–î–°–ï–õüè†),–°–∞—Ç–ø–∞–µ–≤–∞ –î–æ—Å—Ç—ã–∫,–ê–ª–º–∞—Ç—ã,–ú–µ–¥–µ—É—Å–∫–∏–π —Ä–∞–π–æ–Ω,76.957334,43.239386
–ê–õ–ú–ê–¢–´ (–ö–í–ê–†–ï–ù–î–ê–ü–û–î–°–ï–õüè†),–º–∫—Ä –ö–∞–π—Ä–∞—Ç –ñ–∫ –¢–∞–º–∞—Ä–∏–∫—Å,–ê–ª–º–∞—Ç—ã,–¢—É—Ä–∫—Å–∏–±—Å–∫–∏–π —Ä–∞–π–æ–Ω,76.995027,43.302101
–ê–õ–ú–ê–¢–´ (–ö–í–ê–†–ï–ù–î–ê–ü–û–î–°–ï–õüè†),–ê–ª–º–∞—Ç—ã –ê–ª–º–∞–ª–∏–Ω—Å–∫–∏–π –ë–æ—Å—Ç–∞–Ω–¥—ã–∫—Å–∫–∏–π —Ä–∞–π–æ–Ω—ã,–ê–ª–º–∞—Ç—ã,–ë–æ—Å—Ç–∞–Ω–¥—ã–∫—Å–∫–∏–π —Ä–∞–π–æ–Ω,76.929552,43.236508
–ê–õ–ú–ê–¢–´ (–ö–í–ê–†–ï–ù–î–ê–ü–û–î–°–ï–õüè†),–ê–∫—Å–∞–π 2 –¥–æ–º 76,–ê–ª–º–∞—Ç—ã,–ê—É—ç–∑–æ–≤—Å–∫–∏–π —Ä–∞–π–æ–Ω,76.840111,43.23557
–ê–õ–ú–ê–¢–´ (–ö–í–ê–†–ï–ù–î–ê–ü–û–î–°–ï–õüè†),–£–ª–∏—Ü–∞ –ñ–∞–ø—Å–∞—Ä–±–∞–µ–≤–∞ 68,–ê–ª–º–∞—Ç—ã,–ê–ª–∞—Ç–∞—É—Å–∫–∏–π —Ä–∞–π–æ–Ω,76.897707,43.32184
–ê–õ–ú–ê–¢–´ (–ö–í–ê–†–ï–ù–î–ê–ü–û–î–°–ï–õüè†),–æ–∫–æ–ª–æ –¥–æ—Å—Ç—ã–∫ –ø–ª–∞–∑—ã,–ê–ª–º–∞—Ç—ã,–ú–µ–¥–µ—É—Å–∫–∏–π —Ä–∞–π–æ–Ω,76.957123,43.233057
–ê–õ–ú–ê–¢–´ (–ö–í–ê–†–ï–ù–î–ê–ü–û–î–°–ï–õüè†),–ê–±–∞—è –ñ–∞—Ä–æ–∫–æ–≤–∞,–ê–ª–º–∞—Ç—ã,–ê–ª–º–∞–ª–∏–Ω—Å–∫–∏–π —Ä–∞–π–æ–Ω,76.898966,43.239211
–ê–õ–ú–ê–¢–´ (–ö–í–ê–†–ï–ù–î–ê–ü–û–î–°–ï–õüè†),–†–æ–∑—ã–±–∞–∫–∏–µ–≤–∞ –¢–∏–º–∏—Ä—è–∑–µ–≤–∞,–ê–ª–º–∞—Ç—ã,–ë–æ—Å—Ç–∞–Ω–¥—ã–∫—Å–∫–∏–π —Ä–∞–π–æ–Ω,76.89758,43.22533
–ê–õ–ú–ê–¢–´ (–ö–í–ê–†–ï–ù–î–ê–ü–û–î–°–ï–õüè†),–ê–ª–º–∞ —Å–∏—Ç–∏ 5,–ê–ª–º–∞—Ç—ã,–ù–∞—É—Ä—ã–∑–±–∞–π—Å–∫–∏–π —Ä–∞–π–æ–Ω,76.776611,43.21646
–ê–õ–ú–ê–¢–´ (–ö–í–ê–†–ï–ù–î–ê–ü–û–î–°–ï–õüè†),–º–∏–∫—Ä–æ—Ä–∞–π–æ–Ω –∞–∫–∫–µ–Ω—Ç 62,–ê–ª–º–∞—Ç—ã,–ê–ª–∞—Ç–∞—É—Å–∫–∏–π —Ä–∞–π–æ–Ω,76.810293,43.241471
–ê–õ–ú–ê–¢–´ (–ö–í–ê–†–ï–ù–î–ê–ü–û–î–°–ï–õüè†),–ê–±–∞—è –ê–ª—Ç—ã–Ω—Å–∞—Ä–∏–Ω,–ê–ª–º–∞—Ç—ã,–ê—É—ç–∑–æ–≤—Å–∫–∏–π —Ä–∞–π–æ–Ω,76.862451,43.226855
–ê–õ–ú–ê–¢–´ (–ö–í–ê–†–ï–ù–î–ê–ü–û–î–°–ï–õüè†),–∂–∫ —Ç–∏—Ç–∞–Ω–∏–∫,–ê–ª–º–∞—Ç—ã,–ê–ª–º–∞–ª–∏–Ω—Å–∫–∏–π —Ä–∞–π–æ–Ω,76.877439,43.242164
–ê–õ–ú–ê–¢–´ (–ö–í–ê–†–ï–ù–î–ê–ü–û–î–°–ï–õüè†),–∂–∫ –´—Ä—ã—Å—Ç—ã –∫–µ“£ –Ω–æ–≤—ã–π –∂–∫–ª–∞—Ä –µ–≤—Ä–æ—Ä–µ–º–æ–Ω—Ç,–ê–ª–º–∞—Ç—ã,–ê–ª–∞—Ç–∞—É—Å–∫–∏–π —Ä–∞–π–æ–Ω,76.855521,43.266434
–ê–õ–ú–ê–¢–´ (–ö–í–ê–†–ï–ù–î–ê–ü–û–î–°–ï–õüè†),–ö–∞–∑–∞—Ö—Ñ–∏–ª—å–º,–ê–ª–º–∞—Ç—ã,–ë–æ—Å—Ç–∞–Ω–¥—ã–∫—Å–∫–∏–π —Ä–∞–π–æ–Ω,76.906774,43.197269
–ê–õ–ú–ê–¢–´ (–ö–í–ê–†–ï–ù–î–ê–ü–û–î–°–ï–õüè†),–ë–æ—Å—Ç–∞–Ω–¥—ã–∫—Å–∫–∏–π —Ä–∞–π–æ–Ω –†–æ–∑—ã–±–∞–∫–∏–µ–≤–∞–£—Ç–µ–ø–æ–≤–∞,–ê–ª–º–∞—Ç—ã,–ë–æ—Å—Ç–∞–Ω–¥—ã–∫—Å–∫–∏–π —Ä–∞–π–æ–Ω,76.906774,43.197269
–ê–õ–ú–ê–¢–´ (–ö–í–ê–†–ï–ù–î–ê–ü–û–î–°–ï–õüè†),–ù—É—Ä–∫–µ–Ω—Ç 515,–ê–ª–º–∞—Ç—ã,–¢—É—Ä–∫—Å–∏–±—Å–∫–∏–π —Ä–∞–π–æ–Ω,77.011309,43.348096
–ê–õ–ú–ê–¢–´ (–ö–í–ê–†–ï–ù–î–ê–ü–û–î–°–ï–õüè†),–ú–µ–¥–µ—É—Å–∫–æ–º —Ä–∞–π–æ–Ω–µ,–ê–ª–º–∞—Ç—ã,–ê–ª–º–∞–ª–∏–Ω—Å–∫–∏–π —Ä–∞–π–æ–Ω,76.938865,43.249497
–ê–õ–ú–ê–¢–´ (–ö–í–ê–†–ï–ù–î–ê–ü–û–î–°–ï–õüè†),–≥–ê–ª–º–∞—Ç—ã –°–∞—Ä—ã–∞—Ä–∫–∞ 14 –∫ 2,–ê–ª–º–∞—Ç—ã,–ê—É—ç–∑–æ–≤—Å–∫–∏–π —Ä–∞–π–æ–Ω,76.856655,43.230326
–ê–õ–ú–ê–¢–´ (–ö–í–ê–†–ï–ù–î–ê–ü–û–î–°–ï–õüè†),—É–ª–∏—Ü—ã –°–∞–∏–Ω–∞ –∏–ª–∏ –†–æ–∑–∞–±–∞–∫–∏–µ–≤–∞ –∏–ª–∏ –ù–∞–∑–∞—Ä–±–∞–µ–≤–∞,–ê–ª–º–∞—Ç—ã,–ë–æ—Å—Ç–∞–Ω–¥—ã–∫—Å–∫–∏–π —Ä–∞–π–æ–Ω,76.886599,43.189809
–ê–õ–ú–ê–¢–´ (–ö–í–ê–†–ï–ù–î–ê–ü–û–î–°–ï–õüè†),–ê—É–µ–∑–æ–≤—Å–∫–∏–π —Ä–∞–π–æ–Ω 5 –º–∫—Ä 41 –¥–æ–º,–ê–ª–º–∞—Ç—ã,–ê—É—ç–∑–æ–≤—Å–∫–∏–π —Ä–∞–π–æ–Ω,76.863293,43.234093
–ê–õ–ú–ê–¢–´ (–ö–í–ê–†–ï–ù–î–ê–ü–û–î–°–ï–õüè†),–ê–ª–º–∞–ª–∏–Ω—Å–∫–∏–π —Ä–∞–π–æ–Ω,–ê–ª–º–∞—Ç—ã,–ê–ª–º–∞–ª–∏–Ω—Å–∫–∏–π —Ä–∞–π–æ–Ω,76.944792,43.250366
–ê–õ–ú–ê–¢–´ (–ö–í–ê–†–ï–ù–î–ê–ü–û–î–°–ï–õüè†),–ê–±–∞—è –ê—É–µ–∑–æ–≤–∞,–ê–ª–º–∞—Ç—ã,–ê–ª–º–∞–ª–∏–Ω—Å–∫–∏–π —Ä–∞–π–æ–Ω,76.90397,43.239548
–ê–õ–ú–ê–¢–´ (–ö–í–ê–†–ï–ù–î–ê–ü–û–î–°–ï–õüè†),–ê–ª–º–∞–ª–∏–Ω—Å–∫–∏–π —Ä–∞–π–æ–Ω–∞–Ω,–ê–ª–º–∞—Ç—ã,–ê–ª–º–∞–ª–∏–Ω—Å–∫–∏–π —Ä–∞–π–æ–Ω,76.912738,43.251274
–ê–õ–ú–ê–¢–´ (–ö–í–ê–†–ï–ù–î–ê–ü–û–î–°–ï–õüè†),–°–µ–π—Ñ—É–ª–ª–∏–Ω–∞ 467–ë,–ê–ª–º–∞—Ç—ã,–ê–ª–º–∞–ª–∏–Ω—Å–∫–∏–π —Ä–∞–π–æ–Ω,76.930709,43.267623
–ê–õ–ú–ê–¢–´ (–ö–í–ê–†–ï–ù–î–ê–ü–û–î–°–ï–õüè†),–ú–µ–≥–∞ –ü–∞—Ä–∫—Ç—ã“£ “õ–∞—Å—ã–Ω–¥–∞,–ê–ª–º–∞—Ç—ã,–ë–æ—Å—Ç–∞–Ω–¥—ã–∫—Å–∫–∏–π —Ä–∞–π–æ–Ω,76.892411,43.202959
–ê–õ–ú–ê–¢–´ (–ö–í–ê–†–ï–ù–î–ê–ü–û–î–°–ï–õüè†),–º–∫—Ä9–¥–æ–º 39—à–∞–ª—è–ø–∏–Ω–∞ –±–µ—Ä–µ–≥–æ–≤–æ–π,–ê–ª–º–∞—Ç—ã,–ú–µ–¥–µ—É—Å–∫–∏–π —Ä–∞–π–æ–Ω,76.961598,43.231285
–ê–õ–ú–ê–¢–´ (–ö–í–ê–†–ï–ù–î–ê–ü–û–î–°–ï–õüè†),–°–∞–∏–Ω–∞–£–ª—É–≥–±–µ–∫–∞ –º–∫—Ä–ê–∫—Å–∞–π4,–ê–ª–º–∞—Ç—ã,–¢—É—Ä–∫—Å–∏–±—Å–∫–∏–π —Ä–∞–π–æ–Ω,77.011309,43.348096
–ê–õ–ú–ê–¢–´ (–ö–í–ê–†–ï–ù–î–ê–ü–û–î–°–ï–õüè†),–û—Ä–±–∏—Ç–∞1 34,–ê–ª–º–∞—Ç—ã,–ë–æ—Å—Ç–∞–Ω–¥—ã–∫—Å–∫–∏–π —Ä–∞–π–æ–Ω,76.882844,43.202518
–ê–õ–ú–ê–¢–´ (–ö–í–ê–†–ï–ù–î–ê–ü–û–î–°–ï–õüè†),–†–∞–π—ã–º–±–µ–∫ 3511,–ê–ª–º–∞—Ç—ã,–ê–ª–º–∞–ª–∏–Ω—Å–∫–∏–π —Ä–∞–π–æ–Ω,76.886939,43.25321
–ê–õ–ú–ê–¢–´ (–ö–í–ê–†–ï–ù–î–ê–ü–û–î–°–ï–õüè†),–¢–∏–º–∏—Ä—è–∑–µ–≤–∞ 52,–ê–ª–º–∞—Ç—ã,–ë–æ—Å—Ç–∞–Ω–¥—ã–∫—Å–∫–∏–π —Ä–∞–π–æ–Ω,76.899381,43.225126
–ê–õ–ú–ê–¢–´ (–ö–í–ê–†–ï–ù–î–ê–ü–û–î–°–ï–õüè†),–ì–∞–±–¥—É–ª–ª–∏–Ω–∞ ”ò—É–µ–∑–æ–≤–∞–¥–∞,–ê–ª–º–∞—Ç—ã,–ë–æ—Å—Ç–∞–Ω–¥—ã–∫—Å–∫–∏–π —Ä–∞–π–æ–Ω,76.914974,43.230109
–ê–õ–ú–ê–¢–´ (–ö–í–ê–†–ï–ù–î–ê–ü–û–î–°–ï–õüè†),–ñ–∞—Å –ö–∞–Ω–∞—Ç 134,–ê–ª–º–∞—Ç—ã,–¢—É—Ä–∫—Å–∏–±—Å–∫–∏–π —Ä–∞–π–æ–Ω,76.976852,43.320959
–ê–õ–ú–ê–¢–´ (–ö–í–ê–†–ï–ù–î–ê–ü–û–î–°–ï–õüè†),–º–∫—Ä –ö–æ–∫–∂–∏–µ–∫,,,,
–ê–õ–ú–ê–¢–´ (–ö–í–ê–†–ï–ù–î–ê–ü–û–î–°–ï–õüè†),–¢–∞—É—Å–∞—Ä—É–ª—ã 706,–ê–ª–º–∞—Ç—ã,–¢—É—Ä–∫—Å–∏–±—Å–∫–∏–π —Ä–∞–π–æ–Ω,77.011309,43.348096
–ê–õ–ú–ê–¢–´ (–ö–í–ê–†–ï–ù–î–ê–ü–û–î–°–ï–õüè†),–ù—É—Å—É–ø–±–µ–∫–æ–≤ 172 –ñ–∞–Ω–≥–µ–ª–¥–∏–Ω–∞ –∂–∞–∫,–ê–ª–º–∞—Ç—ã,–¢—É—Ä–∫—Å–∏–±—Å–∫–∏–π —Ä–∞–π–æ–Ω,77.011309,43.348096
–ê–õ–ú–ê–¢–´ (–ö–í–ê–†–ï–ù–î–ê–ü–û–î–°–ï–õüè†),–ú–∞–∫–∞—Ç–∞–µ–≤–∞ –ù–∞—É—Ä—ã–∑–±–∞–π –ë–∞—Ç—ã—Ä,–ê–ª–º–∞—Ç—ã,–ê–ª–º–∞–ª–∏–Ω—Å–∫–∏–π —Ä–∞–π–æ–Ω,76.940335,43.264052
–ê–õ–ú–ê–¢–´ (–ö–í–ê–†–ï–ù–î–ê–ü–û–î–°–ï–õüè†),–ñ–∫ –ó–æ–¥–∏–∞–∫,–ê–ª–º–∞—Ç—ã,–ë–æ—Å—Ç–∞–Ω–¥—ã–∫—Å–∫–∏–π —Ä–∞–π–æ–Ω,76.894306,43.223365
–ê–õ–ú–ê–¢–´ (–ö–í–ê–†–ï–ù–î–ê–ü–û–î–°–ï–õüè†),—Ä–∞–π–æ–Ω –§—É—Ä–º–∞–Ω–æ–≤–∞ –•–∞–¥–∂–∏–º—É–∫–∞–Ω–∞,–ê–ª–º–∞—Ç—ã,–ê–ª–º–∞–ª–∏–Ω—Å–∫–∏–π —Ä–∞–π–æ–Ω,76.946289,43.251283
–ê–õ–ú–ê–¢–´ (–ö–í–ê–†–ï–ù–î–ê–ü–û–î–°–ï–õüè†),–ø—Ä–æ—Å–ø–µ–∫—Ç –†–∞–π—ã–º–±–µ–∫–∞ 5906,–ê–ª–º–∞—Ç—ã,–ê–ª–º–∞–ª–∏–Ω—Å–∫–∏–π —Ä–∞–π–æ–Ω,76.886939,43.25321
–ê–õ–ú–ê–¢–´ (–ö–í–ê–†–ï–ù–î–ê–ü–û–î–°–ï–õüè†),–ê–∫—Å–∞–π 3–± –¥–æ–º 2 –¢–æ–ª–µ –±–∏ –Ø—Å—Å–∞—É–∏,–ê–ª–º–∞—Ç—ã,–ê—É—ç–∑–æ–≤—Å–∫–∏–π —Ä–∞–π–æ–Ω,76.823622,43.236862
–ê–õ–ú–ê–¢–´ (–ö–í–ê–†–ï–ù–î–ê–ü–û–î–°–ï–õüè†),–¢–æ–ª–µ –±–∏ –ë–∞–π—Ç—É—Ä—Å—ã–Ω–æ–≤–∞,–ê–ª–º–∞—Ç—ã,–ê–ª–º–∞–ª–∏–Ω—Å–∫–∏–π —Ä–∞–π–æ–Ω,76.925706,43.253516
–ê–õ–ú–ê–¢–´ (–ö–í–ê–†–ï–ù–î–ê–ü–û–î–°–ï–õüè†),–ù–∞–≤–æ–∏ –¢–∞—É–≥—É–ª—å 1,–ê–ª–º–∞—Ç—ã,–ê—É—ç–∑–æ–≤—Å–∫–∏–π —Ä–∞–π–æ–Ω,76.881112,43.217276
–ê–õ–ú–ê–¢–´ (–ö–í–ê–†–ï–ù–î–ê–ü–û–î–°–ï–õüè†),"–ê–±–∞—è –°–∞–∏–Ω–∞, –ë–æ—Å—Ç–∞–Ω–¥—ã–∫—Å–∫–∏–π —Ä–∞–π–æ–Ω, –ê–ª–º–∞—Ç—ã",–ê–ª–º–∞—Ç—ã,–ú–µ–¥–µ—É—Å–∫–∏–π —Ä–∞–π–æ–Ω,76.949363,43.242635
–ê–õ–ú–ê–¢–´ (–ö–í–ê–†–ï–ù–î–ê–ü–û–î–°–ï–õüè†),–ñ–∫ –ê–∫–Ω–∏–µ—Ç –ü—Ä–æ—Å–ø–µ–∫—Ç –†–∞–π—ã–º–±–µ–∫–∞ 4811,–ê–ª–º–∞—Ç—ã,–ê–ª–∞—Ç–∞—É—Å–∫–∏–π —Ä–∞–π–æ–Ω,76.839844,43.248465
–ê–õ–ú–ê–¢–´ (–ö–í–ê–†–ï–ù–î–ê–ü–û–î–°–ï–õüè†),–ú–∫—Ä –®—É–≥—ã–ª–∞,–ê–ª–º–∞—Ç—ã,–ù–∞—É—Ä—ã–∑–±–∞–π—Å–∫–∏–π —Ä–∞–π–æ–Ω,76.787991,43.213963
–ê–õ–ú–ê–¢–´ (–ö–í–ê–†–ï–ù–î–ê–ü–û–î–°–ï–õüè†),–£—Ç–µ–ø–æ–≤–∞ 21,–ê–ª–º–∞—Ç—ã,–ë–æ—Å—Ç–∞–Ω–¥—ã–∫—Å–∫–∏–π —Ä–∞–π–æ–Ω,76.89487,43.219086
–ê–õ–ú–ê–¢–´ (–ö–í–ê–†–ï–ù–î–ê–ü–û–î–°–ï–õüè†),–¢–∞—É–≥—É–ª—å1 –¥–æ–º 90,–ê–ª–º–∞—Ç—ã,–ê—É—ç–∑–æ–≤—Å–∫–∏–π —Ä–∞–π–æ–Ω,76.875704,43.214959
–ê–õ–ú–ê–¢–´ (–ö–í–ê–†–ï–ù–î–ê–ü–û–î–°–ï–õüè†),–ø–µ—Ä–µ—Å–µ—á–µ–Ω–∏—è –ê–ë–ê–Ø –°–ê–ò–ù–ê –º–∫—Ä –ñ–µ—Ç—ã—Å—É2 62 –¥–æ–º,–ê–ª–º–∞—Ç—ã,–ê—É—ç–∑–æ–≤—Å–∫–∏–π —Ä–∞–π–æ–Ω,76.84761,43.220449
–ê–õ–ú–ê–¢–´ (–ö–í–ê–†–ï–ù–î–ê–ü–û–î–°–ï–õüè†),—É–ª–∏—Ü–µ –ê–±–∞—è,–ê–ª–º–∞—Ç—ã,–ú–µ–¥–µ—É—Å–∫–∏–π —Ä–∞–π–æ–Ω,76.959332,43.243317
–ê–õ–ú–ê–¢–´ (–ö–í–ê–†–ï–ù–î–ê–ü–û–î–°–ï–õüè†),–ë–æ–∫–µ–π—Ö–∞–Ω–æ–≤–∞ 510–ë –î—Ä–∞–≥–æ–Ω —Å–∏—Ç–∏–ñ–∫ –Ω–æ–≤—ã–π,–ê–ª–º–∞—Ç—ã,–ñ–µ—Ç—ã—Å—É—Å–∫–∏–π —Ä–∞–π–æ–Ω,76.895855,43.297696
–ê–õ–ú–ê–¢–´ (–ö–í–ê–†–ï–ù–î–ê–ü–û–î–°–ï–õüè†),2 –∫–∞—Å—Ç–µ–∫—Å–∫–∞—è 18,–ê–ª–º–∞—Ç—ã,–ê–ª–º–∞–ª–∏–Ω—Å–∫–∏–π —Ä–∞–π–æ–Ω,76.913951,43.265938
–ê–õ–ú–ê–¢–´ (–ö–í–ê–†–ï–ù–î–ê–ü–û–î–°–ï–õüè†),"–ñ–ö –ë–∞–π—Ç–∞–ª, –ë–æ—Å—Ç–∞–Ω–¥—ã–∫—Å–∫–∏–π —Ä–∞–π–æ–Ω",–ê–ª–º–∞—Ç—ã,–ë–æ—Å—Ç–∞–Ω–¥—ã–∫—Å–∫–∏–π —Ä–∞–π–æ–Ω,76.87227,43.203637
–ê–õ–ú–ê–¢–´ (–ö–í–ê–†–ï–ù–î–ê–ü–û–î–°–ï–õüè†),–ê–±–∞—è–ú–∞–Ω–∞—Å–∞ 1 —ç—Ç–∞–∂,–ê–ª–º–∞—Ç—ã,–¢—É—Ä–∫—Å–∏–±—Å–∫–∏–π —Ä–∞–π–æ–Ω,77.011309,43.348096
–ê–õ–ú–ê–¢–´ (–ö–í–ê–†–ï–ù–î–ê–ü–û–î–°–ï–õüè†),–º–∫—Ä 8 –¥–æ–º 74 –ú–æ—Å–∫–≤–∞–Ω—ã–Ω –∞—Ä—Ç—ã–Ω–¥–∞,–ê–ª–º–∞—Ç—ã,–ê—É—ç–∑–æ–≤—Å–∫–∏–π —Ä–∞–π–æ–Ω,76.867497,43.22842
–ê–õ–ú–ê–¢–´ (–ö–í–ê–†–ï–ù–î–ê–ü–û–î–°–ï–õüè†),–†–∞–π–º–±–µ–∫–∞ 245–±,–ê–ª–º–∞—Ç—ã,–ñ–µ—Ç—ã—Å—É—Å–∫–∏–π —Ä–∞–π–æ–Ω,76.899475,43.266045
–ê–õ–ú–ê–¢–´ (–ö–í–ê–†–ï–ù–î–ê–ü–û–î–°–ï–õüè†),9–º–∏–∫—Ä–æ—Ä–∞–π–æ–Ω,,,,
–ê–õ–ú–ê–¢–´ (–ö–í–ê–†–ï–ù–î–ê–ü–û–î–°–ï–õüè†),–ù—É—Ä–∫–µ–Ω—Ç 57,–ê–ª–º–∞—Ç—ã,–ê–ª–∞—Ç–∞—É—Å–∫–∏–π —Ä–∞–π–æ–Ω,76.820663,43.253938
–ê–õ–ú–ê–¢–´ (–ö–í–ê–†–ï–ù–î–ê–ü–û–î–°–ï–õüè†),–°–∞—Ç–ø–∞–µ–≤–∞ –†–æ–∑—ã–±–∞–∫–∏–µ–≤–∞,–ê–ª–º–∞—Ç—ã,–ë–æ—Å—Ç–∞–Ω–¥—ã–∫—Å–∫–∏–π —Ä–∞–π–æ–Ω,76.895427,43.235557
–ê–õ–ú–ê–¢–´ (–ö–í–ê–†–ï–ù–î–ê–ü–û–î–°–ï–õüè†),—Å–∞–∏–Ω–∞ 6 –≤ —Ä–∞–π–æ–Ω–µ –ê–∑–∏—è –ø–∞—Ä–∫,–ê–ª–º–∞—Ç—ã,–ê—É—ç–∑–æ–≤—Å–∫–∏–π —Ä–∞–π–æ–Ω,76.835991,43.24444
–ê–õ–ú–ê–¢–´ (–ö–í–ê–†–ï–ù–î–ê–ü–û–î–°–ï–õüè†),–ê—É—ç–∑–æ–≤—Å–∫–∏–π —Ä–∞–π–æ–Ω —Å–∞–∏–Ω–∞ –∂–∞–Ω–¥–æ—Å–æ–≤–∞,–ê–ª–º–∞—Ç—ã,–ê—É—ç–∑–æ–≤—Å–∫–∏–π —Ä–∞–π–æ–Ω,76.863342,43.20816
–ê–õ–ú–ê–¢–´ (–ö–í–ê–†–ï–ù–î–ê–ü–û–î–°–ï–õüè†),–ñ–∞–º–±—ã–ª–∞ –ú—É—Ä–∞—Ç–±–∞–µ–≤–∞,–ê–ª–º–∞—Ç—ã,–ê–ª–º–∞–ª–∏–Ω—Å–∫–∏–π —Ä–∞–π–æ–Ω,76.91965,43.246215
–ê–õ–ú–ê–¢–´ (–ö–í–ê–†–ï–ù–î–ê–ü–û–î–°–ï–õüè†),–û—Å—Ç—Ä–æ–≤—Å–∫–æ–≥–æ 12,–ê–ª–º–∞—Ç—ã,–ñ–µ—Ç—ã—Å—É—Å–∫–∏–π —Ä–∞–π–æ–Ω,76.935564,43.277921
–ê–õ–ú–ê–¢–´ (–ö–í–ê–†–ï–ù–î–ê–ü–û–î–°–ï–õüè†),–ñ–∞—Ä–æ–∫–æ–≤–∞ 290,–ê–ª–º–∞—Ç—ã,–ë–æ—Å—Ç–∞–Ω–¥—ã–∫—Å–∫–∏–π —Ä–∞–π–æ–Ω,76.904692,43.20451
–ê–õ–ú–ê–¢–´ (–ö–í–ê–†–ï–ù–î–ê–ü–û–î–°–ï–õüè†),–ë–∞—Ä–∞—Ö–æ–ª–∫–∞ –∂–∞“õ–î—Ä–∞–≥–æ–Ω —Å–∏—Ç–∏,–ê–ª–º–∞—Ç—ã,–ê–ª–∞—Ç–∞—É—Å–∫–∏–π —Ä–∞–π–æ–Ω,76.903826,43.321514
–ê–õ–ú–ê–¢–´ (–ö–í–ê–†–ï–ù–î–ê–ü–û–î–°–ï–õüè†),–û—Ä–±–∏—Ç–∞4 –¥–æ–º 4 1 —ç—Ç–∞–∂,–ê–ª–º–∞—Ç—ã,–ë–æ—Å—Ç–∞–Ω–¥—ã–∫—Å–∫–∏–π —Ä–∞–π–æ–Ω,76.879616,43.196965
–ê–õ–ú–ê–¢–´ (–ö–í–ê–†–ï–ù–î–ê–ü–û–î–°–ï–õüè†),–ö–∞–ª–∫–∞–º–∞–Ω 157–º–µ–∫—Ç–µ–ø—Ç–∏–Ω –∂–∞–Ω—ã–Ω–¥–∞,–ê–ª–º–∞—Ç—ã,–ù–∞—É—Ä—ã–∑–±–∞–π—Å–∫–∏–π —Ä–∞–π–æ–Ω,76.80187,43.219778
–ê–õ–ú–ê–¢–´ (–ö–í–ê–†–ï–ù–î–ê–ü–û–î–°–ï–õüè†),–ë–æ—Å—Ç–∞–Ω–¥—ã–∫—Å–∫–∏–π —Ä–∞–π–æ–Ω –û—Ä–±–∏—Ç–∞,–ê–ª–º–∞—Ç—ã,–ë–æ—Å—Ç–∞–Ω–¥—ã–∫—Å–∫–∏–π —Ä–∞–π–æ–Ω,76.878978,43.199342
–ê–õ–ú–ê–¢–´ (–ö–í–ê–†–ï–ù–î–ê–ü–û–î–°–ï–õüè†),–¢–∞—Å—Ç–∞–∫1 –Ω–∞–ø—Ä–æ—Ç–∏–≤ –°–∞–π—Ä–∞–Ω–∞,,,,
–ê–õ–ú–ê–¢–´ (–ö–í–ê–†–ï–ù–î–ê–ü–û–î–°–ï–õüè†),–ê–±–∞—è–°–∞–∏–Ω–∞,–ê–ª–º–∞—Ç—ã,–¢—É—Ä–∫—Å–∏–±—Å–∫–∏–π —Ä–∞–π–æ–Ω,77.011309,43.348096
–ê–õ–ú–ê–¢–´ (–ö–í–ê–†–ï–ù–î–ê–ü–û–î–°–ï–õüè†),–ê—Å–ø–∞–Ω–¥–∏—è—Ä–æ–≤–∞ 38,–ê–ª–º–∞—Ç—ã,–ù–∞—É—Ä—ã–∑–±–∞–π—Å–∫–∏–π —Ä–∞–π–æ–Ω,76.812436,43.224537
–ê–õ–ú–ê–¢–´ (–ö–í–ê–†–ï–ù–î–ê–ü–û–î–°–ï–õüè†),–†–∞–π—ã–º–±–µ–∫ –¢–∞—à–∫–µ–Ω—Ç—Å–∫–∞—è 3511 –ñ–∫ –ì“Ø–ª–¥–∞–ª–∞,,,,
–ê–õ–ú–ê–¢–´ (–ö–í–ê–†–ï–ù–î–ê–ü–û–î–°–ï–õüè†),–®–µ–≤—á–µ–Ω–∫–æ 85,–ê–ª–º–∞—Ç—ã,–ê–ª–º–∞–ª–∏–Ω—Å–∫–∏–π —Ä–∞–π–æ–Ω,76.93516,43.245935
–ê–õ–ú–ê–¢–´ (–ö–í–ê–†–ï–ù–î–ê–ü–û–î–°–ï–õüè†),1 –∫–æ–º–Ω–∞—Ç–Ω—É—é –∫–≤–∞—Ä—Ç–∏—Ä—É –≤ —Ä–∞–π–æ–Ω–µ –ú–µ–≥–∏ –Ω–∞ –†–æ–∑—ã–±–∞–∫–∏–µ–≤–∞,–ê–ª–º–∞—Ç—ã,–¢—É—Ä–∫—Å–∏–±—Å–∫–∏–π —Ä–∞–π–æ–Ω,76.948989,43.341148
–ê–õ–ú–ê–¢–´ (–ö–í–ê–†–ï–ù–î–ê–ü–û–î–°–ï–õüè†),–ö–≤ 2—Ö –∫–æ–º–Ω–∞—Ç–Ω–∞—è –Ω–∞–ø—Ä–æ—Ç–∏–≤ –ë–æ—Ç–∞–Ω–∏—á–µ—Å–∫–æ–≥–æ —Å–∞–¥–∞,,,,
–ê–õ–ú–ê–¢–´ (–ö–í–ê–†–ï–ù–î–ê–ü–û–î–°–ï–õüè†),–ê—Å—ã–ª –∞—Ä–º–∞–Ω,,,,
–ê–õ–ú–ê–¢–´ (–ö–í–ê–†–ï–ù–î–ê–ü–û–î–°–ï–õüè†),–ê–ª–∞–º–∞ —Å–∏—Ç–∏ 5 10 —ç—Ç–∞–∂,–ê–ª–º–∞—Ç—ã,–ù–∞—É—Ä—ã–∑–±–∞–π—Å–∫–∏–π —Ä–∞–π–æ–Ω,76.776611,43.21646
–ê–õ–ú–ê–¢–´ (–ö–í–ê–†–ï–ù–î–ê–ü–û–î–°–ï–õüè†),–ñ–∫ –∫–ª–∞—Å—Å–∞ –∫–æ–º—Ñ–æ—Ä—Ç –ø–ª—é—Å,–ê–ª–º–∞—Ç—ã,–ë–æ—Å—Ç–∞–Ω–¥—ã–∫—Å–∫–∏–π —Ä–∞–π–æ–Ω,76.898774,43.200762
–ê–õ–ú–ê–¢–´ (–ö–í–ê–†–ï–ù–î–ê–ü–û–î–°–ï–õüè†),–ù—É—Ä–∫–µ–Ω—Ç —à–∞ –ê–ª–≥–∞–±–∞—Å1 127,–ê–ª–º–∞—Ç—ã,–ê–ª–∞—Ç–∞—É—Å–∫–∏–π —Ä–∞–π–æ–Ω,76.820663,43.253938
–ê–õ–ú–ê–¢–´ (–ö–í–ê–†–ï–ù–î–ê–ü–û–î–°–ï–õüè†),–ê–∫–∫–µ–Ω—Ç 52,–ê–ª–º–∞—Ç—ã,–ê–ª–∞—Ç–∞—É—Å–∫–∏–π —Ä–∞–π–æ–Ω,76.811041,43.243893
–ê–õ–ú–ê–¢–´ (–ö–í–ê–†–ï–ù–î–ê–ü–û–î–°–ï–õüè†),–£—Ç–µ–ø–æ–≤–∞ 19,–ê–ª–º–∞—Ç—ã,–ë–æ—Å—Ç–∞–Ω–¥—ã–∫—Å–∫–∏–π —Ä–∞–π–æ–Ω,76.895593,43.219137
–ê–õ–ú–ê–¢–´ (–ö–í–ê–†–ï–ù–î–ê–ü–û–î–°–ï–õüè†),–ù—É—Å—É–ø–±–µ–∫–æ–≤–∞ 2314,–ê–ª–º–∞—Ç—ã,–¢—É—Ä–∫—Å–∏–±—Å–∫–∏–π —Ä–∞–π–æ–Ω,77.011309,43.348096
–ê–õ–ú–ê–¢–´ (–ö–í–ê–†–ï–ù–î–ê–ü–û–î–°–ï–õüè†),–°–µ–π—Ñ—É–ª–ª–∏–Ω–∞ 467–ë,–ê–ª–º–∞—Ç—ã,–ê–ª–º–∞–ª–∏–Ω—Å–∫–∏–π —Ä–∞–π–æ–Ω,76.930709,43.267623
–ê–õ–ú–ê–¢–´ (–ö–í–ê–†–ï–ù–î–ê–ü–û–î–°–ï–õüè†),–ê–∫—Å–∞–π 525,–ê–ª–º–∞—Ç—ã,–ê—É—ç–∑–æ–≤—Å–∫–∏–π —Ä–∞–π–æ–Ω,76.833343,43.229398
–ê–õ–ú–ê–¢–´ (–ö–í–ê–†–ï–ù–î–ê–ü–û–î–°–ï–õüè†),–∞—É—ç–∑–æ–≤—Å–∫–æ–º —Ä–∞–π–æ–Ω–µ,–ê–ª–º–∞—Ç—ã,–ê—É—ç–∑–æ–≤—Å–∫–∏–π —Ä–∞–π–æ–Ω,76.876198,43.218362
–ê–õ–ú–ê–¢–´ (–ö–í–ê–†–ï–ù–î–ê–ü–û–î–°–ï–õüè†),–ê—É—ç–∑–æ–≤—Å–∫–∏–π —Ä–∞–π–æ–Ω,–ê–ª–º–∞—Ç—ã,–ê—É—ç–∑–æ–≤—Å–∫–∏–π —Ä–∞–π–æ–Ω,76.840405,43.233788
–ê–õ–ú–ê–¢–´ (–ö–í–ê–†–ï–ù–î–ê–ü–û–î–°–ï–õüè†),–ñ–ö –®–ê–•–†–ò–°–¢–ê–ù,–ê–ª–º–∞—Ç—ã,–ë–æ—Å—Ç–∞–Ω–¥—ã–∫—Å–∫–∏–π —Ä–∞–π–æ–Ω,76.884695,43.207313
–ê–õ–ú–ê–¢–´ (–ö–í–ê–†–ï–ù–î–ê–ü–û–î–°–ï–õüè†),–ñ–µ—Ç—ã—Å—É–π—Å–∫–æ–º —Ä–∞–π–æ–Ω–µ,–ê–ª–º–∞—Ç—ã,–ñ–µ—Ç—ã—Å—É—Å–∫–∏–π —Ä–∞–π–æ–Ω,76.920649,43.301134
–ê–õ–ú–ê–¢–´ (–ö–í–ê–†–ï–ù–î–ê–ü–û–î–°–ï–õüè†),–ñ–ö –ú–∞–Ω—Ö—ç—Ç—Ç–µ–Ω,–ê–ª–º–∞—Ç—ã,–ê–ª–º–∞–ª–∏–Ω—Å–∫–∏–π —Ä–∞–π–æ–Ω,76.877136,43.243531
–ê–õ–ú–ê–¢–´ (–ö–í–ê–†–ï–ù–î–ê–ü–û–î–°–ï–õüè†),–®–µ–≤—á–µ–Ω–∫–æ–ù–∞—É—Ä—ã–∑–±–∞–π –±–∞—Ç—ã—Ä–∞,–ê–ª–º–∞—Ç—ã,–¢—É—Ä–∫—Å–∏–±—Å–∫–∏–π —Ä–∞–π–æ–Ω,77.011309,43.348096
–ê–õ–ú–ê–¢–´ (–ö–í–ê–†–ï–ù–î–ê–ü–û–î–°–ï–õüè†),3 –º–∫—Ä 42 3 —ç—Ç–∞–∂,–ê–ª–º–∞—Ç—ã,–ê—É—ç–∑–æ–≤—Å–∫–∏–π —Ä–∞–π–æ–Ω,76.850623,43.227702
–ê–õ–ú–ê–¢–´ (–ö–í–ê–†–ï–ù–î–ê–ü–û–î–°–ï–õüè†),–†—ã—Å–∫—É–ª–æ–≤–∞ –ü–µ—Ç—Ä–æ–≤–∞ –∂–∫ –´—Ä—ã—Å—Ç—ã,–ê–ª–º–∞—Ç—ã,–ê–ª–∞—Ç–∞—É—Å–∫–∏–π —Ä–∞–π–æ–Ω,76.855521,43.266434
–ê–õ–ú–ê–¢–´ (–ö–í–ê–†–ï–ù–î–ê–ü–û–î–°–ï–õüè†),–¢–æ–ª–µ –±–∏,–ê–ª–º–∞—Ç—ã,–ú–µ–¥–µ—É—Å–∫–∏–π —Ä–∞–π–æ–Ω,76.951064,43.256043
–ê–õ–ú–ê–¢–´ (–ö–í–ê–†–ï–ù–î–ê–ü–û–î–°–ï–õüè†),–ö–æ–∫—Ç–µ–º 1 –†–∞–π–æ–Ω –ë—É—Ö–∞—Ä –ñ—ã—Ä–∞—É–®–∞–≥–∞–±—É–¥–¥–∏–Ω–æ–≤–∞,,,,
–ê–õ–ú–ê–¢–´ (–ö–í–ê–†–ï–ù–î–ê–ü–û–î–°–ï–õüè†),–ê–π—Ç–µ–∫–µ –±–∏ 98,–ê–ª–º–∞—Ç—ã,–ê–ª–º–∞–ª–∏–Ω—Å–∫–∏–π —Ä–∞–π–æ–Ω,76.934514,43.257347
–ê–õ–ú–ê–¢–´ (–ö–í–ê–†–ï–ù–î–ê–ü–û–î–°–ï–õüè†),–ú–∞–Ω–∞—Å–∞–°–∞—Ç–ø–∞–µ–≤–∞ –ë–æ—Å—Ç–∞–Ω–¥—ã–∫—Å–∫–∏–π —Ä–∞–π–æ–Ω,–ê–ª–º–∞—Ç—ã,–ë–æ—Å—Ç–∞–Ω–¥—ã–∫—Å–∫–∏–π —Ä–∞–π–æ–Ω,76.906774,43.197269
–ê–õ–ú–ê–¢–´ (–ö–í–ê–†–ï–ù–î–ê–ü–û–î–°–ï–õüè†),–ê–±–∞—è–ë—Ä—É—Å–∏–ª–æ–≤—Å–∫–æ–≥–æ –ñ–ö –∫–æ–º—Ñ–æ—Ä—Ç –∫–ª–∞—Å—Å 11 —ç—Ç–∞–∂,–ê–ª–º–∞—Ç—ã,–ë–æ—Å—Ç–∞–Ω–¥—ã–∫—Å–∫–∏–π —Ä–∞–π–æ–Ω,76.897062,43.202892
–ê–õ–ú–ê–¢–´ (–ö–í–ê–†–ï–ù–î–ê–ü–û–î–°–ï–õüè†),–ö–≤–∞—Ä—Ç–∏—Ä–∞ –Ω–∞ 2 —ç—Ç–∞–∂–µ,–ê–ª–º–∞—Ç—ã,–ë–æ—Å—Ç–∞–Ω–¥—ã–∫—Å–∫–∏–π —Ä–∞–π–æ–Ω,76.948348,43.232783
–ê–õ–ú–ê–¢–´ (–ö–í–ê–†–ï–ù–î–ê–ü–û–î–°–ï–õüè†),–ê–ª–º–∞–ª–∏–Ω—Å–∫–æ–º —Ä–∞–π–æ–Ω–µ,–ê–ª–º–∞—Ç—ã,–ê–ª–º–∞–ª–∏–Ω—Å–∫–∏–π —Ä–∞–π–æ–Ω,76.912738,43.251274
–ê–õ–ú–ê–¢–´ (–ö–í–ê–†–ï–ù–î–ê–ü–û–î–°–ï–õüè†),2 –º–∏–∫—Ä–æ—Ä–∞–π–æ–Ω –ì—Ä–∞–Ω–¥ –ø–∞—Ä–∫ –∂–∞–Ω—ã–Ω–¥–∞,–ê–ª–º–∞—Ç—ã,–ñ–µ—Ç—ã—Å—É—Å–∫–∏–π —Ä–∞–π–æ–Ω,76.939047,43.273815
–ê–õ–ú–ê–¢–´ (–ö–í–ê–†–ï–ù–î–ê–ü–û–î–°–ï–õüè†),—Å–∞–π—Ä–∞–Ω –æ–∑–µ—Ä–∞,–ê–ª–º–∞—Ç—ã,–ê—É—ç–∑–æ–≤—Å–∫–∏–π —Ä–∞–π–æ–Ω,76.860675,43.241514
–ê–õ–ú–ê–¢–´ (–ö–í–ê–†–ï–ù–î–ê–ü–û–î–°–ï–õüè†),–û—Ä–±–∏—Ç–∞ 4,–ê–ª–º–∞—Ç—ã,–ë–æ—Å—Ç–∞–Ω–¥—ã–∫—Å–∫–∏–π —Ä–∞–π–æ–Ω,76.879142,43.200905
–ê–õ–ú–ê–¢–´ (–ö–í–ê–†–ï–ù–î–ê–ü–û–î–°–ï–õüè†),–ú–∞–∫–∞—Ç–∞–µ–≤–∞–°–µ–π—Ñ—É–ª–ª–∏–Ω–∞,–ê–ª–º–∞—Ç—ã,–¢—É—Ä–∫—Å–∏–±—Å–∫–∏–π —Ä–∞–π–æ–Ω,77.011309,43.348096
–ê–õ–ú–ê–¢–´ (–ö–í–ê–†–ï–ù–î–ê–ü–û–î–°–ï–õüè†),–ë–æ—Å—Ç–∞–Ω–¥—ã–∫—Å–∫–∏–π —Ä–∞–π–æ–Ω,–ê–ª–º–∞—Ç—ã,–ë–æ—Å—Ç–∞–Ω–¥—ã–∫—Å–∫–∏–π —Ä–∞–π–æ–Ω,76.892411,43.202959
–ê–õ–ú–ê–¢–´ (–ö–í–ê–†–ï–ù–î–ê–ü–û–î–°–ï–õüè†),–ê–ª–º–∞ —Å–∏—Ç–∏ 4,–ê–ª–º–∞—Ç—ã,–ù–∞—É—Ä—ã–∑–±–∞–π—Å–∫–∏–π —Ä–∞–π–æ–Ω,76.779697,43.228335
–ê–õ–ú–ê–¢–´ (–ö–í–ê–†–ï–ù–î–ê–ü–û–î–°–ï–õüè†),–ë–æ—Å—Ç–∞–Ω–¥—ã–∫—Å–∫–∏–π —Ä–∞–π–æ–Ω,–ê–ª–º–∞—Ç—ã,–ë–æ—Å—Ç–∞–Ω–¥—ã–∫—Å–∫–∏–π —Ä–∞–π–æ–Ω,76.892411,43.202959
–ê–õ–ú–ê–¢–´ (–ö–í–ê–†–ï–ù–î–ê–ü–û–î–°–ï–õüè†),–ù–û–í–´–ô –ê–ø–æ—Ä—Ç“õ–∞ “õ–∞—Ç—Ç—ã –∞–ª—ã—Å –µ–º–µ—Å,–ê–ª–º–∞—Ç—ã,–¢—É—Ä–∫—Å–∏–±—Å–∫–∏–π —Ä–∞–π–æ–Ω,77.011309,43.348096
–ê–õ–ú–ê–¢–´ (–ö–í–ê–†–ï–ù–î–ê–ü–û–î–°–ï–õüè†),–†–∞–π–º–±–µ–∫–∞ 245 –ë –¢–¶ –ú–∞–∫—Å–∏–º–∞ 2 —É–ª,–ê–ª–º–∞—Ç—ã,–ñ–µ—Ç—ã—Å—É—Å–∫–∏–π —Ä–∞–π–æ–Ω,76.900114,43.264698
–ê–õ–ú–ê–¢–´ (–ö–í–ê–†–ï–ù–î–ê–ü–û–î–°–ï–õüè†),12 –º–∫—Ä –ú–µ—Ç—Ä–æ –°–∞—Ä—ã–∞—Ä–∫–∞ –¢–†–¶ –ú–æ—Å–∫–≤–∞ –∂–∞–Ω—ã–Ω–¥–∞,–ê–ª–º–∞—Ç—ã,–ê—É—ç–∑–æ–≤—Å–∫–∏–π —Ä–∞–π–æ–Ω,76.865041,43.227994
–ê–õ–ú–ê–¢–´ (–ö–í–ê–†–ï–ù–î–ê–ü–û–î–°–ï–õüè†),–ê–±–∞—è –°–∞–∏–Ω–∞–ñ–µ—Ç–∏—Å—É2,–ê–ª–º–∞—Ç—ã,–ê–ª–º–∞–ª–∏–Ω—Å–∫–∏–π —Ä–∞–π–æ–Ω,76.940809,43.244049
–ê–õ–ú–ê–¢–´ (–ö–í–ê–†–ï–ù–î–ê–ü–û–î–°–ï–õüè†),–ñ—É–º–∞–ª–∏–µ–≤–∞ 156,–ê–ª–º–∞—Ç—ã,–ê–ª–º–∞–ª–∏–Ω—Å–∫–∏–π —Ä–∞–π–æ–Ω,76.914628,43.246476
–ê–õ–ú–ê–¢–´ (–ö–í–ê–†–ï–ù–î–ê–ü–û–î–°–ï–õüè†),–ú–µ–≥–∞ –µ—Å–µ–Ω—Ç–∞–π,–ê–ª–º–∞—Ç—ã,–ë–æ—Å—Ç–∞–Ω–¥—ã–∫—Å–∫–∏–π —Ä–∞–π–æ–Ω,76.892411,43.202959
–ê–õ–ú–ê–¢–´ (–ö–í–ê–†–ï–ù–î–ê–ü–û–î–°–ï–õüè†),–ú–∞–Ω–∞—Å–∞–°–∞—Ç–ø–∞–µ–≤–∞ –ë–æ—Å—Ç–∞–Ω–¥—ã–∫—Å–∫–∏–π —Ä–∞–π–æ–Ω,–ê–ª–º–∞—Ç—ã,–ë–æ—Å—Ç–∞–Ω–¥—ã–∫—Å–∫–∏–π —Ä–∞–π–æ–Ω,76.906774,43.197269
–ê–õ–ú–ê–¢–´ (–ö–í–ê–†–ï–ù–î–ê–ü–û–î–°–ï–õüè†),–î–æ—Å—Ç—ã–∫ –¢—É—Ä–∫–µ—Å—Ç–∞–Ω –ú–∞–Ω–≥–∏–ª–∏–∫ –µ–ª –°–∞—É—Ä–∞–Ω –£–ª—ã –¥–∞–ª–∞ –ö–∞–±–∞–Ω–±–∞–π –±–∞—Ç—ã—Ä,–ê–ª–º–∞—Ç—ã,–ú–µ–¥–µ—É—Å–∫–∏–π —Ä–∞–π–æ–Ω,76.955689,43.2507
–ê–õ–ú–ê–¢–´ (–ö–í–ê–†–ï–ù–î–ê–ü–û–î–°–ï–õüè†),2 –±”©–ª–º–µ–ª—ñ –∫–≤–∞—Ä—Ç–∏—Ä–∞,–ê–ª–º–∞—Ç—ã,–ñ–µ—Ç—ã—Å—É—Å–∫–∏–π —Ä–∞–π–æ–Ω,76.939047,43.273815
–ê–õ–ú–ê–¢–´ (–ö–í–ê–†–ï–ù–î–ê–ü–û–î–°–ï–õüè†),–ø–µ—Ä–µ—Å–µ—á–µ–Ω–∏–∏ —É–ª–∏—Ü –¢–æ–ª–µ –±–∏ –ú—É—Ä–∞—Ç–±–∞–µ–≤–∞,–ê–ª–º–∞—Ç—ã,–ê–ª–º–∞–ª–∏–Ω—Å–∫–∏–π —Ä–∞–π–æ–Ω,76.918753,43.253027
–ê–õ–ú–ê–¢–´ (–ö–í–ê–†–ï–ù–î–ê–ü–û–î–°–ï–õüè†),–¢–∞—Å—Ç–∞–∫,–ê–ª–º–∞—Ç—ã,–ê–ª–º–∞–ª–∏–Ω—Å–∫–∏–π —Ä–∞–π–æ–Ω,76.877118,43.24975
–ê–õ–ú–ê–¢–´ (–ö–í–ê–†–ï–ù–î–ê–ü–û–î–°–ï–õüè†),–ñ–ö –ê–ª–º–∞ —Å–∏—Ç–∏,–ê–ª–º–∞—Ç—ã,–ù–∞—É—Ä—ã–∑–±–∞–π—Å–∫–∏–π —Ä–∞–π–æ–Ω,76.782289,43.220578
–ê–õ–ú–ê–¢–´ (–ö–í–ê–†–ï–ù–î–ê–ü–û–î–°–ï–õüè†),–ê–õ–ú–ê–¢–´ –ê–†–ï–ù–ê,–ê–ª–º–∞—Ç—ã,–ê–ª–∞—Ç–∞—É—Å–∫–∏–π —Ä–∞–π–æ–Ω,76.815369,43.264746
–ê–õ–ú–ê–¢–´ (–ö–í–ê–†–ï–ù–î–ê–ü–û–î–°–ï–õüè†),–ê–±–∞—è –º–∞—Ç–µ–∑–∞–ª–∫–µ,–ê–ª–º–∞—Ç—ã,–ê—É—ç–∑–æ–≤—Å–∫–∏–π —Ä–∞–π–æ–Ω,76.87,43.230558
–ê–õ–ú–ê–¢–´ (–ö–í–ê–†–ï–ù–î–ê–ü–û–î–°–ï–õüè†),–ø—Ä–æ—Å–ø–µ–∫—Ç –†–∞–π—ã–º–±–µ–∫–∞ 5906,–ê–ª–º–∞—Ç—ã,–ê–ª–º–∞–ª–∏–Ω—Å–∫–∏–π —Ä–∞–π–æ–Ω,76.886939,43.25321
–ê–õ–ú–ê–¢–´ (–ö–í–ê–†–ï–ù–î–ê–ü–û–î–°–ï–õüè†),–ë–æ—Å—Ç–∞–Ω–¥—ã–∫—Å–∫–∏–π —Ä–∞–π–æ–Ω,–ê–ª–º–∞—Ç—ã,–ë–æ—Å—Ç–∞–Ω–¥—ã–∫—Å–∫–∏–π —Ä–∞–π–æ–Ω,76.892411,43.202959
–ê–õ–ú–ê–¢–´ (–ö–í–ê–†–ï–ù–î–ê–ü–û–î–°–ï–õüè†),11–º–∫—Ä 28–¥–æ–º 6 –ø–æ–¥—ä–µ–∑–¥,–ê–ª–º–∞—Ç—ã,–ê—É—ç–∑–æ–≤—Å–∫–∏–π —Ä–∞–π–æ–Ω,76.874768,43.219303
–ê–õ–ú–ê–¢–´ (–ö–í–ê–†–ï–ù–î–ê–ü–û–î–°–ï–õüè†),–ú–∞–º—ã—Ä 3,–ê–ª–º–∞—Ç—ã,–ù–∞—É—Ä—ã–∑–±–∞–π—Å–∫–∏–π —Ä–∞–π–æ–Ω,76.786671,43.197775
–ê–õ–ú–ê–¢–´ (–ö–í–ê–†–ï–ù–î–ê–ü–û–î–°–ï–õüè†),–ë–æ—Å—Ç–∞–Ω–¥—ã–∫—Å–∫–∏–π —Ä–∞–π–æ–Ω,–ê–ª–º–∞—Ç—ã,–ë–æ—Å—Ç–∞–Ω–¥—ã–∫—Å–∫–∏–π —Ä–∞–π–æ–Ω,76.892411,43.202959
–ê–õ–ú–ê–¢–´ (–ö–í–ê–†–ï–ù–î–ê–ü–û–î–°–ï–õüè†),–¥–æ—Å—Ç—ã–∫–µ,–ê–ª–º–∞—Ç—ã,–¢—É—Ä–∫—Å–∏–±—Å–∫–∏–π —Ä–∞–π–æ–Ω,77.011309,43.348096
–ê–õ–ú–ê–¢–´ (–ö–í–ê–†–ï–ù–î–ê–ü–û–î–°–ï–õüè†),–ê–±–∞—è –ë–∞–π—Ç—É—Ä—Å—ã–Ω–æ–≤–∞,–ê–ª–º–∞—Ç—ã,–ë–æ—Å—Ç–∞–Ω–¥—ã–∫—Å–∫–∏–π —Ä–∞–π–æ–Ω,76.927868,43.24107
–ê–õ–ú–ê–¢–´ (–ö–í–ê–†–ï–ù–î–ê–ü–û–î–°–ï–õüè†),–ö–ê–£ –ö–ê–ó–ì–ê–°–ê –ú–ï–ì–ê –ü—Ä–µ–∑–∏–¥–µ–Ω—Ç—Å–∫–∏–π –ø–∞—Ä–∫ –∂–∞“õ—Ç–∞ 1–∫–æ–º–Ω–∞—Ç–Ω–∞—è –∫–≤–∞—Ä—Ç–∏—Ä–∞,–ê–ª–º–∞—Ç—ã,–ë–æ—Å—Ç–∞–Ω–¥—ã–∫—Å–∫–∏–π —Ä–∞–π–æ–Ω,76.886599,43.189809
–ê–õ–ú–ê–¢–´ (–ö–í–ê–†–ï–ù–î–ê–ü–û–î–°–ï–õüè†),–º–∞—Å–∞–Ω—á–∏ 3 3 –∫–æ–º–Ω–∞—Ç–∞,–ê–ª–º–∞—Ç—ã,–ê–ª–º–∞–ª–∏–Ω—Å–∫–∏–π —Ä–∞–π–æ–Ω,76.927764,43.262083
–ê–õ–ú–ê–¢–´ (–ö–í–ê–†–ï–ù–î–ê–ü–û–î–°–ï–õüè†),–ê–õ–ú–ê–¢–´ –ê–†–ï–ù–ê,–ê–ª–º–∞—Ç—ã,–ê–ª–∞—Ç–∞—É—Å–∫–∏–π —Ä–∞–π–æ–Ω,76.815369,43.264746
–ê–õ–ú–ê–¢–´ (–ö–í–ê–†–ï–ù–î–ê–ü–û–î–°–ï–õüè†),–û—Ä–±–∏—Ç–∞ 3 –¥–æ–º 25 –ë–æ—Å—Ç–∞–Ω–¥—ã–∫—Å–∫–∏–π —Ä–∞–π–æ–Ω,–ê–ª–º–∞—Ç—ã,–ë–æ—Å—Ç–∞–Ω–¥—ã–∫—Å–∫–∏–π —Ä–∞–π–æ–Ω,76.874389,43.200174
–ê–õ–ú–ê–¢–´ (–ö–í–ê–†–ï–ù–î–ê–ü–û–î–°–ï–õüè†),–†–∞–π—ã–º–±–µ–∫ –±–∞—Ç—ã—Ä–∞ 276,–ê–ª–º–∞—Ç—ã,–ñ–µ—Ç—ã—Å—É—Å–∫–∏–π —Ä–∞–π–æ–Ω,76.944567,43.271618
–ê–õ–ú–ê–¢–´ (–ö–í–ê–†–ï–ù–î–ê–ü–û–î–°–ï–õüè†),"—É–ª–ê–£–≠–ó–û–í–ê —É–≥–æ–ª –î–∂–∞–º–±—É–ª–∞, –ê–ª–º–∞–ª–∏–Ω—Å–∫–∏–π —Ä–∞–π–æ–Ω",–ê–ª–º–∞—Ç—ã,–ê–ª–º–∞–ª–∏–Ω—Å–∫–∏–π —Ä–∞–π–æ–Ω,76.931652,43.250948
–ê–õ–ú–ê–¢–´ (–ö–í–ê–†–ï–ù–î–ê–ü–û–î–°–ï–õüè†),—Ä–æ–∑–∞–±–∞–∫–∏–µ–≤–∞ –°–∞—Ç–ø–∞–µ–≤–∞,–ê–ª–º–∞—Ç—ã,–ë–æ—Å—Ç–∞–Ω–¥—ã–∫—Å–∫–∏–π —Ä–∞–π–æ–Ω,76.895427,43.235557
–ê–õ–ú–ê–¢–´ (–ö–í–ê–†–ï–ù–î–ê–ü–û–î–°–ï–õüè†),–∂–∫ –ù–∞—É–∞–∏ –Ω–æ–≤–æ–∏–ñ–∞–Ω–¥–æ—Å–æ–≤–∞,–ê–ª–º–∞—Ç—ã,–ê—É—ç–∑–æ–≤—Å–∫–∏–π —Ä–∞–π–æ–Ω,76.880708,43.216856
–ê–õ–ú–ê–¢–´ (–ö–í–ê–†–ï–ù–î–ê–ü–û–î–°–ï–õüè†),–ú–∫—Ä –¥–∞—Ä–∞–±–æ–∑ 79 –¥–æ–º 76 –∫–≤ 7 —ç—Ç–∞–∂,–ê–ª–º–∞—Ç—ã,–ê–ª–∞—Ç–∞—É—Å–∫–∏–π —Ä–∞–π–æ–Ω,76.82099,43.269379
–ê–õ–ú–ê–¢–´ (–ö–í–ê–†–ï–ù–î–ê–ü–û–î–°–ï–õüè†),—Ä—è–¥–æ–º –£–Ω–∏–≤–µ—Ä—Å–∏—Ç–µ—Ç –ù–∞—Ä—Ö–æ–∑ –¥–æ –ú–µ–≥–∏ –∏ –ú–æ—Å–∫–≤—ã,–ê–ª–º–∞—Ç—ã,–ê—É—ç–∑–æ–≤—Å–∫–∏–π —Ä–∞–π–æ–Ω,76.871712,43.2151
–ê–õ–ú–ê–¢–´ (–ö–í–ê–†–ï–ù–î–ê–ü–û–î–°–ï–õüè†),–ê—É—ç–∑–æ–≤—Å–∫–∏–π —Ä–∞–π–æ–Ω –ñ–µ—Ç—ã—Å—É 1 –ö–≤–∞—Ä—Ç–∏—Ä–∞ 1 –∫–æ–º,–ê–ª–º–∞—Ç—ã,–ê—É—ç–∑–æ–≤—Å–∫–∏–π —Ä–∞–π–æ–Ω,76.838349,43.218041
–ê–õ–ú–ê–¢–´ (–ö–í–ê–†–ï–ù–î–ê–ü–û–î–°–ï–õüè†),–ë–æ–≥–µ–Ω–±–∞–π –±–∞—Ç—ã—Ä–∞ 313,–ê–ª–º–∞—Ç—ã,–ê–ª–º–∞–ª–∏–Ω—Å–∫–∏–π —Ä–∞–π–æ–Ω,76.885049,43.249054
–ê–õ–ú–ê–¢–´ (–ö–í–ê–†–ï–ù–î–ê–ü–û–î–°–ï–õüè†),–†—ã—Å–∫—É–ª–æ–≤–∞ –ü–µ—Ç—Ä–æ–≤–∞–∂–∫ –´—Ä—ã—Å—Ç—ã,–ê–ª–º–∞—Ç—ã,–ê–ª–∞—Ç–∞—É—Å–∫–∏–π —Ä–∞–π–æ–Ω,76.858764,43.262597
–ê–õ–ú–ê–¢–´ (–ö–í–ê–†–ï–ù–î–ê–ü–û–î–°–ï–õüè†),–ú–æ—Å–∫–≤–∞ 8 –º–∏–∫—Ä–æ—Ä–∞–π–æ–Ω,–ê–ª–º–∞—Ç—ã,–ê—É—ç–∑–æ–≤—Å–∫–∏–π —Ä–∞–π–æ–Ω,76.865041,43.227994
–ê–õ–ú–ê–¢–´ (–ö–í–ê–†–ï–ù–î–ê–ü–û–î–°–ï–õüè†),—Ä—è–¥–æ–º –£–Ω–∏–≤–µ—Ä—Å–∏—Ç–µ—Ç –ù–∞—Ä—Ö–æ–∑ –¥–æ –ú–µ–≥–∏ –∏ –ú–æ—Å–∫–≤—ã,–ê–ª–º–∞—Ç—ã,–ê—É—ç–∑–æ–≤—Å–∫–∏–π —Ä–∞–π–æ–Ω,76.871712,43.2151
–ê–õ–ú–ê–¢–´ (–ö–í–ê–†–ï–ù–î–ê–ü–û–î–°–ï–õüè†),–º–∏–∫—Ä–æ—Ä–∞–π–æ–Ω –ö—É–ª–∞–≥–µ—Ä,–ê–ª–º–∞—Ç—ã,–ñ–µ—Ç—ã—Å—É—Å–∫–∏–π —Ä–∞–π–æ–Ω,76.923594,43.307645
–ê–õ–ú–ê–¢–´ (–ö–í–ê–†–ï–ù–î–ê–ü–û–î–°–ï–õüè†),–ñ–ö —Ä—è–¥–æ–º –º–µ—Ç—Ä–æ –º–∞–≥–Ω—É–º —Ç—Ü —Å–ø—É—Ç–Ω–∏–∫ –±–∞–∑–∞—Ä –∞–ø—Ç–µ–∫–∞,–ê–ª–º–∞—Ç—ã,–ê—É—ç–∑–æ–≤—Å–∫–∏–π —Ä–∞–π–æ–Ω,76.842401,43.211845
–ê–õ–ú–ê–¢–´ (–ö–í–ê–†–ï–ù–î–ê–ü–û–î–°–ï–õüè†),–ì–û–ì–û–õ–Ø–ú–£–†–ê–¢–ë–ê–ï–í–ê,–ê–ª–º–∞—Ç—ã,–¢—É—Ä–∫—Å–∏–±—Å–∫–∏–π —Ä–∞–π–æ–Ω,77.011309,43.348096
–ê–õ–ú–ê–¢–´ (–ö–í–ê–†–ï–ù–î–ê–ü–û–î–°–ï–õüè†),–®–µ–≤—á–µ–Ω–∫–æ 85,–ê–ª–º–∞—Ç—ã,–ê–ª–º–∞–ª–∏–Ω—Å–∫–∏–π —Ä–∞–π–æ–Ω,76.93516,43.245935
–ê–õ–ú–ê–¢–´ (–ö–í–ê–†–ï–ù–î–ê–ü–û–î–°–ï–õüè†),–¢–∏–º–∏—Ä—è–∑–µ–≤–∞ –ë–∞–π–∑–∞–∫–æ–≤–∞ —Ä–∞–π–æ–Ω –ë–æ—Ç–∞–Ω–∏—á–µ—Å–∫–æ–≥–æ —Å–∞–¥–∞ —Ä—è–¥–æ–º —Å –ö–ê–ó–ì–£,–ê–ª–º–∞—Ç—ã,–ë–æ—Å—Ç–∞–Ω–¥—ã–∫—Å–∫–∏–π —Ä–∞–π–æ–Ω,76.915679,43.227025
–ê–õ–ú–ê–¢–´ (–ö–í–ê–†–ï–ù–î–ê–ü–û–î–°–ï–õüè†),–ö–ê–õ–ö–ê–ú–ê–ù 224 –ù–∞—É—ã—Ä—ã–∑–±–∞–π—Å–∫–∏–π —Ä–∞–π–æ–Ω,–ê–ª–º–∞—Ç—ã,–ù–∞—É—Ä—ã–∑–±–∞–π—Å–∫–∏–π —Ä–∞–π–æ–Ω,76.807826,43.230916
–ê–õ–ú–ê–¢–´ (–ö–í–ê–†–ï–ù–î–ê–ü–û–î–°–ï–õüè†),–ñ–∫ –ø–∞—Ä–∞—Å–∞—Ç –°–∞—Ä—ã–∞—Ä–∫–∞ 11,–ê–ª–º–∞—Ç—ã,–¢—É—Ä–∫—Å–∏–±—Å–∫–∏–π —Ä–∞–π–æ–Ω,76.9764,43.295478
–ê–õ–ú–ê–¢–´ (–ö–í–ê–†–ï–ù–î–ê–ü–û–î–°–ï–õüè†),–ê–∫—Å–∞–π1 –ñ–∫ –ê–¥–∏–µ—Ç 117 2–ø–æ–¥—ä–µ–∑–¥,–ê–ª–º–∞—Ç—ã,–ê—É—ç–∑–æ–≤—Å–∫–∏–π —Ä–∞–π–æ–Ω,76.833848,43.242593
–ê–õ–ú–ê–¢–´ (–ö–í–ê–†–ï–ù–î–ê–ü–û–î–°–ï–õüè†),—Ç–∞—à–∫–µ–Ω—Ç—Å–∫–æ–π –º–∞—Ç—ã–∑–∞–ª–∫–∞,–ê–ª–º–∞—Ç—ã,–¢—É—Ä–∫—Å–∏–±—Å–∫–∏–π —Ä–∞–π–æ–Ω,77.011309,43.348096
–ê—Ä–µ–Ω–¥–∞ –ñ–∏–ª—å—è.–ü–æ–¥—Å–µ–ª–µ–Ω–∏–µ –ê–ª–º–∞—Ç—ã,–¢–∏–º–∏—Ä—è–∑–µ–≤–∞–†–æ–∑—ã–±–∞–∫–∏–µ–≤–∞,–ê–ª–º–∞—Ç—ã,–¢—É—Ä–∫—Å–∏–±—Å–∫–∏–π —Ä–∞–π–æ–Ω,77.011309,43.348096
–ê—Ä–µ–Ω–¥–∞ –ñ–∏–ª—å—è.–ü–æ–¥—Å–µ–ª–µ–Ω–∏–µ –ê–ª–º–∞—Ç—ã,–ñ–ö –ñ–∞–π–ª—ã –ø–æ –∞–¥—Ä–µ—Å—É –¢–æ–ª–µ –±–∏ 273–ê5,–ê–ª–º–∞—Ç—ã,–ê–ª–º–∞–ª–∏–Ω—Å–∫–∏–π —Ä–∞–π–æ–Ω,76.867664,43.248675
–ê—Ä–µ–Ω–¥–∞ –ñ–∏–ª—å—è.–ü–æ–¥—Å–µ–ª–µ–Ω–∏–µ –ê–ª–º–∞—Ç—ã,–ê–ª–º–∞—Ç—ã –ê“õ—Å–∞–π24,–ê–ª–º–∞—Ç—ã,–ê–ª–∞—Ç–∞—É—Å–∫–∏–π —Ä–∞–π–æ–Ω,76.800196,43.270432
–ê—Ä–µ–Ω–¥–∞ –ñ–∏–ª—å—è.–ü–æ–¥—Å–µ–ª–µ–Ω–∏–µ –ê–ª–º–∞—Ç—ã,–ü–∞–Ω—Ñ–∏–ª–æ–≤–∞ 49 –ê—Ä–±–∞—Ç –º–µ–≥–∞ –ø–∞—Ä–∫,–ê–ª–º–∞—Ç—ã,–ê–ª–º–∞–ª–∏–Ω—Å–∫–∏–π —Ä–∞–π–æ–Ω,76.943189,43.262214
–ê—Ä–µ–Ω–¥–∞ –ñ–∏–ª—å—è.–ü–æ–¥—Å–µ–ª–µ–Ω–∏–µ –ê–ª–º–∞—Ç—ã,"–ñ–ö –ü—Ä –†–∞–π—ã–º–±–µ–∫–∞ 21012, –ê–ª–º–∞–ª–∏–Ω—Å–∫–∏–π —Ä–∞–π–æ–Ω",–ê–ª–º–∞—Ç—ã,–ñ–µ—Ç—ã—Å—É—Å–∫–∏–π —Ä–∞–π–æ–Ω,76.94774,43.272576
–ê—Ä–µ–Ω–¥–∞ –ñ–∏–ª—å—è.–ü–æ–¥—Å–µ–ª–µ–Ω–∏–µ –ê–ª–º–∞—Ç—ã,–ú–µ–¥–µ—É—Å–∫–∏–π —Ä–∞–π–æ–Ω,–ê–ª–º–∞—Ç—ã,–ê–ª–º–∞–ª–∏–Ω—Å–∫–∏–π —Ä–∞–π–æ–Ω,76.944792,43.250366
–ê—Ä–µ–Ω–¥–∞ –ñ–∏–ª—å—è.–ü–æ–¥—Å–µ–ª–µ–Ω–∏–µ –ê–ª–º–∞—Ç—ã,–†–∞–π–æ–Ω –ú–µ–¥–µ—É—Å–∫–∏–π–ë–æ—Å—Ç–∞–Ω–¥—ã–∫—Å–∫–∏–π,–ê–ª–º–∞—Ç—ã,–ê–ª–º–∞–ª–∏–Ω—Å–∫–∏–π —Ä–∞–π–æ–Ω,76.912738,43.251274
–ê—Ä–µ–Ω–¥–∞ –ñ–∏–ª—å—è.–ü–æ–¥—Å–µ–ª–µ–Ω–∏–µ –ê–ª–º–∞—Ç—ã,–°–∞—Ç–ø–∞–µ–≤–∞74,–ê–ª–º–∞—Ç—ã,–ë–æ—Å—Ç–∞–Ω–¥—ã–∫—Å–∫–∏–π —Ä–∞–π–æ–Ω,76.889262,43.233602
–ê—Ä–µ–Ω–¥–∞ –ñ–∏–ª—å—è.–ü–æ–¥—Å–µ–ª–µ–Ω–∏–µ –ê–ª–º–∞—Ç—ã,–£—Ç–µ–ø–æ–≤–∞ 31 –±–ª–æ–∫ 3,–ê–ª–º–∞—Ç—ã,–ë–æ—Å—Ç–∞–Ω–¥—ã–∫—Å–∫–∏–π —Ä–∞–π–æ–Ω,76.887119,43.219533
–ê—Ä–µ–Ω–¥–∞ –ñ–∏–ª—å—è.–ü–æ–¥—Å–µ–ª–µ–Ω–∏–µ –ê–ª–º–∞—Ç—ã,–ñ–∞–Ω–¥–æ—Å–æ–≤–∞–ë–µ—Ä–µ–≥–æ–≤–æ–≥–æ,–ê–ª–º–∞—Ç—ã,–¢—É—Ä–∫—Å–∏–±—Å–∫–∏–π —Ä–∞–π–æ–Ω,77.011309,43.348096
–ê—Ä–µ–Ω–¥–∞ –ñ–∏–ª—å—è.–ü–æ–¥—Å–µ–ª–µ–Ω–∏–µ –ê–ª–º–∞—Ç—ã,–ù–∞–ø—Ä–æ—Ç–∏–≤ –ê–ª–º–∞—Ç—ã –∞—Ä–µ–Ω–∞ –ú–∏–∫—Ä–æ—Ä–∞–π–æ–Ω –¥–∞—Ä–∞–±–æ–∑,,,,
–ê—Ä–µ–Ω–¥–∞ –ñ–∏–ª—å—è.–ü–æ–¥—Å–µ–ª–µ–Ω–∏–µ –ê–ª–º–∞—Ç—ã,–º–∫—Ä–ú–∞–º—ã—Ä –®–∞–ª—è–ø–∏–Ω–∞ –°–∞–∏–Ω–∞,–ê–ª–º–∞—Ç—ã,–ê—É—ç–∑–æ–≤—Å–∫–∏–π —Ä–∞–π–æ–Ω,76.856516,43.214236
–ê—Ä–µ–Ω–¥–∞ –ñ–∏–ª—å—è.–ü–æ–¥—Å–µ–ª–µ–Ω–∏–µ –ê–ª–º–∞—Ç—ã,–†—ã—Å–∫—É–ª–æ–≤–∞ –ï–º—Ü–æ–≤–∞ –†–∞–π–æ–Ω –°–∞–º–≥–∞—É –ñ–ö –´—Ä—ã—Å—Ç—ã,–ê–ª–º–∞—Ç—ã,–ê–ª–∞—Ç–∞—É—Å–∫–∏–π —Ä–∞–π–æ–Ω,76.854659,43.266118
–ê—Ä–µ–Ω–¥–∞ –ñ–∏–ª—å—è.–ü–æ–¥—Å–µ–ª–µ–Ω–∏–µ –ê–ª–º–∞—Ç—ã,–ñ–∞–Ω–¥–æ—Å–æ–≤–∞ –ñ–∞—Ä–æ–∫–æ–≤–∞ —Ä–∞–π–æ–Ω –∞—Ç–∞–∫–µ–Ω—Ç–∞ –∫–∞–∑–≥—É —Å–∞—Ç–ø–∞–µ–≤–∞ —Ç–µ—Ö–Ω–∏—á–µ—Å–∫–∏–π —É–Ω–∏–≤–µ—Ä,–ê–ª–º–∞—Ç—ã,–ë–æ—Å—Ç–∞–Ω–¥—ã–∫—Å–∫–∏–π —Ä–∞–π–æ–Ω,76.89991,43.235365
–ê—Ä–µ–Ω–¥–∞ –ñ–∏–ª—å—è.–ü–æ–¥—Å–µ–ª–µ–Ω–∏–µ –ê–ª–º–∞—Ç—ã,"–ù“±—Ä–∫–µ–Ω—Ç, –ê–ª–∞—Ç–∞—É—Å–∫–∏–π —Ä–∞–π–æ–Ω",–ê–ª–º–∞—Ç—ã,–ê–ª–∞—Ç–∞—É—Å–∫–∏–π —Ä–∞–π–æ–Ω,76.820663,43.253938
–ê—Ä–µ–Ω–¥–∞ –ñ–∏–ª—å—è.–ü–æ–¥—Å–µ–ª–µ–Ω–∏–µ –ê–ª–º–∞—Ç—ã,–ü–∞–Ω—Ñ–∏–ª–æ–≤–∞ 49,–ê–ª–º–∞—Ç—ã,–ê–ª–º–∞–ª–∏–Ω—Å–∫–∏–π —Ä–∞–π–æ–Ω,76.942869,43.268737
–ê—Ä–µ–Ω–¥–∞ –ñ–∏–ª—å—è.–ü–æ–¥—Å–µ–ª–µ–Ω–∏–µ –ê–ª–º–∞—Ç—ã,–ê–ª–º–∞–ª–∏–Ω—Å–∫–∏–π —Ä–∞–π–æ–Ω,–ê–ª–º–∞—Ç—ã,–ê–ª–º–∞–ª–∏–Ω—Å–∫–∏–π —Ä–∞–π–æ–Ω,76.944792,43.250366
–ê—Ä–µ–Ω–¥–∞ –ñ–∏–ª—å—è.–ü–æ–¥—Å–µ–ª–µ–Ω–∏–µ –ê–ª–º–∞—Ç—ã,–∂–∫ –ê–∫–≤–∞—Ä–µ–ª—å,–ê–ª–º–∞—Ç—ã,–ë–æ—Å—Ç–∞–Ω–¥—ã–∫—Å–∫–∏–π —Ä–∞–π–æ–Ω,76.879804,43.230473
–ê—Ä–µ–Ω–¥–∞ –ñ–∏–ª—å—è.–ü–æ–¥—Å–µ–ª–µ–Ω–∏–µ –ê–ª–º–∞—Ç—ã,–£—Ç–µ–ø–æ–≤–∞ 20 –ñ–ö,–ê–ª–º–∞—Ç—ã,–ë–æ—Å—Ç–∞–Ω–¥—ã–∫—Å–∫–∏–π —Ä–∞–π–æ–Ω,76.890257,43.218147
–ê—Ä–µ–Ω–¥–∞ –ñ–∏–ª—å—è.–ü–æ–¥—Å–µ–ª–µ–Ω–∏–µ –ê–ª–º–∞—Ç—ã,–ö—É–Ω–∞–µ–≤–∞ –º–∞–º–µ—Ç–æ–≤–∞,–ê–ª–º–∞—Ç—ã,–ú–µ–¥–µ—É—Å–∫–∏–π —Ä–∞–π–æ–Ω,76.948465,43.268668
–ê—Ä–µ–Ω–¥–∞ –ñ–∏–ª—å—è.–ü–æ–¥—Å–µ–ª–µ–Ω–∏–µ –ê–ª–º–∞—Ç—ã,–°–∞–π—Ä–∞–Ω –ú–æ—Å–∫–≤–∞ –º–µ—Ç—Ä–æ –∂–∞–∫—ã–Ω,–ê–ª–º–∞—Ç—ã,–ê—É—ç–∑–æ–≤—Å–∫–∏–π —Ä–∞–π–æ–Ω,76.867442,43.230603
–ê—Ä–µ–Ω–¥–∞ –ñ–∏–ª—å—è.–ü–æ–¥—Å–µ–ª–µ–Ω–∏–µ –ê–ª–º–∞—Ç—ã,–ñ–ö –ë–æ—Å—Ç–∞–Ω–¥—ã–∫—Å–∫–∏–π —Ä–∞–π–æ–Ω,–ê–ª–º–∞—Ç—ã,–ë–æ—Å—Ç–∞–Ω–¥—ã–∫—Å–∫–∏–π —Ä–∞–π–æ–Ω,76.898774,43.200762
–ê—Ä–µ–Ω–¥–∞ –ñ–∏–ª—å—è.–ü–æ–¥—Å–µ–ª–µ–Ω–∏–µ –ê–ª–º–∞—Ç—ã,–¢–∏–º–∏—Ä—è–∑–µ–≤–∞–†–∞–¥–æ—Å—Ç–æ–≤—Ü–∞,–ê–ª–º–∞—Ç—ã,–¢—É—Ä–∫—Å–∏–±—Å–∫–∏–π —Ä–∞–π–æ–Ω,77.011309,43.348096
–ê—Ä–µ–Ω–¥–∞ –ñ–∏–ª—å—è.–ü–æ–¥—Å–µ–ª–µ–Ω–∏–µ –ê–ª–º–∞—Ç—ã,–ø–∞–Ω—Ñ–∏–ª–æ–≤–∞ 49,–ê–ª–º–∞—Ç—ã,–ê–ª–º–∞–ª–∏–Ω—Å–∫–∏–π —Ä–∞–π–æ–Ω,76.942869,43.268737
–ê—Ä–µ–Ω–¥–∞ –ñ–∏–ª—å—è.–ü–æ–¥—Å–µ–ª–µ–Ω–∏–µ –ê–ª–º–∞—Ç—ã,–ê–∫—Å–∞–π5,–ê–ª–º–∞—Ç—ã,–ê–ª–∞—Ç–∞—É—Å–∫–∏–π —Ä–∞–π–æ–Ω,76.845397,43.257412
–ê—Ä–µ–Ω–¥–∞ –ñ–∏–ª—å—è.–ü–æ–¥—Å–µ–ª–µ–Ω–∏–µ –ê–ª–º–∞—Ç—ã,–¢–æ–ª–µ –±–∏ –¢–ª–µ–Ω–¥–∏–µ–≤–∞,–ê–ª–º–∞—Ç—ã,–ê–ª–º–∞–ª–∏–Ω—Å–∫–∏–π —Ä–∞–π–æ–Ω,76.87248,43.249341
–ê—Ä–µ–Ω–¥–∞ –ñ–∏–ª—å—è.–ü–æ–¥—Å–µ–ª–µ–Ω–∏–µ –ê–ª–º–∞—Ç—ã,–º–∏–∫—Ä–æ—Ä–∞–π–æ–Ω –°–∞–º–∞–ª,,,,
–ê—Ä–µ–Ω–¥–∞ –ñ–∏–ª—å—è.–ü–æ–¥—Å–µ–ª–µ–Ω–∏–µ –ê–ª–º–∞—Ç—ã,–º–µ–¥–µ—É—Å–∫–æ–º –ª–∏–±–æ –∞–ª–º–∞–ª–∏–Ω—Å–∫–æ–º —Ä–∞–π–æ–Ω–∞—Ö,–ê–ª–º–∞—Ç—ã,–ê–ª–º–∞–ª–∏–Ω—Å–∫–∏–π —Ä–∞–π–æ–Ω,76.938865,43.249497
–ê—Ä–µ–Ω–¥–∞ –ñ–∏–ª—å—è.–ü–æ–¥—Å–µ–ª–µ–Ω–∏–µ –ê–ª–º–∞—Ç—ã,–ê–±–∞—è –º–∞—Ç–µ–∑–∞–ª–∫–µ,–ê–ª–º–∞—Ç—ã,–ê—É—ç–∑–æ–≤—Å–∫–∏–π —Ä–∞–π–æ–Ω,76.87,43.230558
–ê—Ä–µ–Ω–¥–∞ –ñ–∏–ª—å—è.–ü–æ–¥—Å–µ–ª–µ–Ω–∏–µ –ê–ª–º–∞—Ç—ã,–ê–ª–º–∞—Ç—ã –ê—Ä–µ–Ω–∞,–ê–ª–º–∞—Ç—ã,–ê–ª–∞—Ç–∞—É—Å–∫–∏–π —Ä–∞–π–æ–Ω,76.815369,43.264746
–ê—Ä–µ–Ω–¥–∞ –ñ–∏–ª—å—è.–ü–æ–¥—Å–µ–ª–µ–Ω–∏–µ –ê–ª–º–∞—Ç—ã,–ñ–∫ –≠–≤–µ—Ä–µ—Å—Ç –ì—Ä–∞–Ω–¥ –ø–∞—Ä–∫ –∂–∞–∫—Ç–∞,–ê–ª–º–∞—Ç—ã,–ê—É—ç–∑–æ–≤—Å–∫–∏–π —Ä–∞–π–æ–Ω,76.853027,43.238373
–ê—Ä–µ–Ω–¥–∞ –ñ–∏–ª—å—è.–ü–æ–¥—Å–µ–ª–µ–Ω–∏–µ –ê–ª–º–∞—Ç—ã,–°–∞–º–∞–ª 123,–ê–ª–º–∞—Ç—ã,–¢—É—Ä–∫—Å–∏–±—Å–∫–∏–π —Ä–∞–π–æ–Ω,77.011309,43.348096
–ê—Ä–µ–Ω–¥–∞ –ñ–∏–ª—å—è.–ü–æ–¥—Å–µ–ª–µ–Ω–∏–µ –ê–ª–º–∞—Ç—ã,13 –º–∏–∫—Ä–æ—Ä–∞–π–æ–Ω–¥–∞ –∞–ª–º–∞—Ç—ã –∞—Ä–µ–Ω–∞ —Ç”©–º–µ–Ω –∂–∞“ì—ã –º–æ–º—ã—à“±–ª—ã –º”©“£–∫–µ –±–∏,–ê–ª–º–∞—Ç—ã,–ê–ª–∞—Ç–∞—É—Å–∫–∏–π —Ä–∞–π–æ–Ω,76.816805,43.281685
–ê—Ä–µ–Ω–¥–∞ –ñ–∏–ª—å—è.–ü–æ–¥—Å–µ–ª–µ–Ω–∏–µ –ê–ª–º–∞—Ç—ã,–ñ–ö –ë–æ—Å—Ç–∞–Ω–¥—ã–∫—Å–∫–∏–π —Ä–∞–π–æ–Ω,–ê–ª–º–∞—Ç—ã,–ë–æ—Å—Ç–∞–Ω–¥—ã–∫—Å–∫–∏–π —Ä–∞–π–æ–Ω,76.898774,43.200762
–ê—Ä–µ–Ω–¥–∞ –ñ–∏–ª—å—è.–ü–æ–¥—Å–µ–ª–µ–Ω–∏–µ –ê–ª–º–∞—Ç—ã,–û—Ä–±–∏—Ç–∞ 1,–ê–ª–º–∞—Ç—ã,–ë–æ—Å—Ç–∞–Ω–¥—ã–∫—Å–∫–∏–π —Ä–∞–π–æ–Ω,76.879002,43.198565
–ê—Ä–µ–Ω–¥–∞ –ñ–∏–ª—å—è.–ü–æ–¥—Å–µ–ª–µ–Ω–∏–µ –ê–ª–º–∞—Ç—ã,–ê–ª–º–∞–ª–∏–Ω—Å–∫–∏–π —Ä–∞–π–æ–Ω –∞ —Ç–∞–∫–∂–µ –≤ —Ä–∞–π–æ–Ω–µ –°–∞–π—Ä–∞–Ω–∞,–ê–ª–º–∞—Ç—ã,–ë–æ—Å—Ç–∞–Ω–¥—ã–∫—Å–∫–∏–π —Ä–∞–π–æ–Ω,76.877363,43.236517
–ê—Ä–µ–Ω–¥–∞ –ñ–∏–ª—å—è.–ü–æ–¥—Å–µ–ª–µ–Ω–∏–µ –ê–ª–º–∞—Ç—ã,–ù–∞—É—Ä—ã–∑–±–∞–π—Å–∫–∏–π –®—É“ì—ã–ª–∞ 3413,–ê–ª–º–∞—Ç—ã,–ù–∞—É—Ä—ã–∑–±–∞–π—Å–∫–∏–π —Ä–∞–π–æ–Ω,76.789952,43.205891
–ê—Ä–µ–Ω–¥–∞ –ñ–∏–ª—å—è.–ü–æ–¥—Å–µ–ª–µ–Ω–∏–µ –ê–ª–º–∞—Ç—ã,—Ä–∞–π–æ–Ω –∞—Ç–∞–∫–µ–Ω—Ç–∞ –ñ–∞—Ä–æ–∫–æ–≤–∞–¢–µ–º–∏—Ä—è–∑–µ–≤–∞,–ê–ª–º–∞—Ç—ã,–ê–ª–º–∞–ª–∏–Ω—Å–∫–∏–π —Ä–∞–π–æ–Ω,76.912738,43.251274
–ê—Ä–µ–Ω–¥–∞ –ñ–∏–ª—å—è.–ü–æ–¥—Å–µ–ª–µ–Ω–∏–µ –ê–ª–º–∞—Ç—ã,"–¢–æ–ª–µ –±–∏–ú—É—Ä–∞—Ç–±–∞–µ–≤–∞, –ê–ª–º–∞–ª–∏–Ω—Å–∫–∏–π —Ä–∞–π–æ–Ω",–ê–ª–º–∞—Ç—ã,–ê–ª–º–∞–ª–∏–Ω—Å–∫–∏–π —Ä–∞–π–æ–Ω,76.925164,43.253963
–ê—Ä–µ–Ω–¥–∞ –ñ–∏–ª—å—è.–ü–æ–¥—Å–µ–ª–µ–Ω–∏–µ –ê–ª–º–∞—Ç—ã,–ê–∫—Å–∞–π 1 119 –ñ–∫ –ê–¥–∏–µ—Ç –ø–µ—Ä–µ—Å–µ—á–µ–Ω–∏–µ –¢–æ–ª–µ –±–∏ –ú–æ–º—ã—à—É–ª—ã,–ê–ª–º–∞—Ç—ã,–ê—É—ç–∑–æ–≤—Å–∫–∏–π —Ä–∞–π–æ–Ω,76.832324,43.242229
–ê—Ä–µ–Ω–¥–∞ –ñ–∏–ª—å—è.–ü–æ–¥—Å–µ–ª–µ–Ω–∏–µ –ê–ª–º–∞—Ç—ã,–ñ–ö –≤–æ–∑–ª–µ –±–∞—Ä–∞—Ö–æ–ª–∫–∏ —Å–∞–ª–µ–º,–ê–ª–º–∞—Ç—ã,–ñ–µ—Ç—ã—Å—É—Å–∫–∏–π —Ä–∞–π–æ–Ω,76.895158,43.299634
–ê—Ä–µ–Ω–¥–∞ –ñ–∏–ª—å—è.–ü–æ–¥—Å–µ–ª–µ–Ω–∏–µ –ê–ª–º–∞—Ç—ã,–¢–æ–ª–µ –±–∏—à–∞–≥–∞–±—É—Ç–¥–∏–Ω–æ–≤–∞,–ê–ª–º–∞—Ç—ã,–ú–µ–¥–µ—É—Å–∫–∏–π —Ä–∞–π–æ–Ω,76.951064,43.256043
–ê—Ä–µ–Ω–¥–∞ –ñ–∏–ª—å—è.–ü–æ–¥—Å–µ–ª–µ–Ω–∏–µ –ê–ª–º–∞—Ç—ã,"–ú–æ—Å–∏–Ω–∞ 11, –¢—É—Ä–∫—Å–∏–±—Å–∫–∏–π —Ä–∞–π–æ–Ω",–ê–ª–º–∞—Ç—ã,–¢—É—Ä–∫—Å–∏–±—Å–∫–∏–π —Ä–∞–π–æ–Ω,76.934662,43.311675
–ê—Ä–µ–Ω–¥–∞ –ñ–∏–ª—å—è.–ü–æ–¥—Å–µ–ª–µ–Ω–∏–µ –ê–ª–º–∞—Ç—ã,–¥–æ–º 53 –†–∞–π–æ–Ω –¢–∞—Å—Ç–∞–∫ –¢—É—Ä–≥—É—Ç –û–∑–∞–ª–∞,–ê–ª–º–∞—Ç—ã,–ê–ª–º–∞–ª–∏–Ω—Å–∫–∏–π —Ä–∞–π–æ–Ω,76.877118,43.24975
–ê—Ä–µ–Ω–¥–∞ –ñ–∏–ª—å—è.–ü–æ–¥—Å–µ–ª–µ–Ω–∏–µ –ê–ª–º–∞—Ç—ã,—É–ª –ù–∞–∑–∞—Ä–±–∞–µ–≤–∞ 28–∞,–ê–ª–º–∞—Ç—ã,–ñ–µ—Ç—ã—Å—É—Å–∫–∏–π —Ä–∞–π–æ–Ω,76.945396,43.27119
–ê—Ä–µ–Ω–¥–∞ –ñ–∏–ª—å—è.–ü–æ–¥—Å–µ–ª–µ–Ω–∏–µ –ê–ª–º–∞—Ç—ã,–ú–∞–Ω–∞—Å–∞ –¢–µ–º–∏—Ä—è–∑–µ–≤–∞,–ê–ª–º–∞—Ç—ã,–ë–æ—Å—Ç–∞–Ω–¥—ã–∫—Å–∫–∏–π —Ä–∞–π–æ–Ω,76.908826,43.22773
–ê—Ä–µ–Ω–¥–∞ –ñ–∏–ª—å—è.–ü–æ–¥—Å–µ–ª–µ–Ω–∏–µ –ê–ª–º–∞—Ç—ã,–ë–æ—Å—Ç–∞–Ω–¥—ã–∫—Å–∫–∏–π —Ä–∞–π–æ–Ω,–ê–ª–º–∞—Ç—ã,–ë–æ—Å—Ç–∞–Ω–¥—ã–∫—Å–∫–∏–π —Ä–∞–π–æ–Ω,76.892411,43.202959
–ê—Ä–µ–Ω–¥–∞ –ñ–∏–ª—å—è.–ü–æ–¥—Å–µ–ª–µ–Ω–∏–µ –ê–ª–º–∞—Ç—ã,–¢–∏–º–∏—Ä—è–∑–µ–≤–∞–†–∞–¥–æ—Å—Ç–æ–≤—Ü–∞,–ê–ª–º–∞—Ç—ã,–¢—É—Ä–∫—Å–∏–±—Å–∫–∏–π —Ä–∞–π–æ–Ω,77.011309,43.348096
–ê—Ä–µ–Ω–¥–∞ –ñ–∏–ª—å—è.–ü–æ–¥—Å–µ–ª–µ–Ω–∏–µ –ê–ª–º–∞—Ç—ã,–ê–ª–º–∞—Ç—ã –ê—Ä–µ–Ω–∞ –∂–∞–∫—Ç–∞ –ñ–∫ –ê–ª–º–∞–ª—ã,–ê–ª–º–∞—Ç—ã,–ê–ª–∞—Ç–∞—É—Å–∫–∏–π —Ä–∞–π–æ–Ω,76.822573,43.264012
–ê—Ä–µ–Ω–¥–∞ –ñ–∏–ª—å—è.–ü–æ–¥—Å–µ–ª–µ–Ω–∏–µ –ê–ª–º–∞—Ç—ã,–ì–æ–≥–æ–ª—è –ù–∞—É—Ä—ã–∑–±–∞–π –±–∞—Ç—ã—Ä–∞–¥–∞,–ê–ª–º–∞—Ç—ã,–ê–ª–º–∞–ª–∏–Ω—Å–∫–∏–π —Ä–∞–π–æ–Ω,76.940861,43.259762
–ê—Ä–µ–Ω–¥–∞ –ñ–∏–ª—å—è.–ü–æ–¥—Å–µ–ª–µ–Ω–∏–µ –ê–ª–º–∞—Ç—ã,–ù–∞—É—Ä—ã–∑–±–∞–π –±–∞—Ç—ã—Ä –ì–æ–≥–æ–ª—è,–ê–ª–º–∞—Ç—ã,–ê–ª–º–∞–ª–∏–Ω—Å–∫–∏–π —Ä–∞–π–æ–Ω,76.940861,43.259762
–ê—Ä–µ–Ω–¥–∞ –ñ–∏–ª—å—è.–ü–æ–¥—Å–µ–ª–µ–Ω–∏–µ –ê–ª–º–∞—Ç—ã,–î–æ—Å—Ç—ã–∫ 10340,–ê–ª–º–∞—Ç—ã,–ú–µ–¥–µ—É—Å–∫–∏–π —Ä–∞–π–æ–Ω,76.951064,43.256043
–ê—Ä–µ–Ω–¥–∞ –ñ–∏–ª—å—è.–ü–æ–¥—Å–µ–ª–µ–Ω–∏–µ –ê–ª–º–∞—Ç—ã,–î—É–º–∞–Ω 258 –ñ–ö,–ê–ª–º–∞—Ç—ã,–ú–µ–¥–µ—É—Å–∫–∏–π —Ä–∞–π–æ–Ω,77.002106,43.282205
–ê—Ä–µ–Ω–¥–∞ –ñ–∏–ª—å—è.–ü–æ–¥—Å–µ–ª–µ–Ω–∏–µ –ê–ª–º–∞—Ç—ã,–ù—É—Ä–∫–µ–Ω—Ç 58,–ê–ª–º–∞—Ç—ã,–ê–ª–∞—Ç–∞—É—Å–∫–∏–π —Ä–∞–π–æ–Ω,76.82077,43.253882
–ê—Ä–µ–Ω–¥–∞ –ñ–∏–ª—å—è.–ü–æ–¥—Å–µ–ª–µ–Ω–∏–µ –ê–ª–º–∞—Ç—ã,–ë–æ–≥–µ–Ω–±–∞–π –±–∞—Ç—ã—Ä–∞ –ø–µ—Ä–µ—Å–µ—á–µ–Ω–∏–µ –ë–∞–π–∑–∞–∫–æ–≤–∞,–ê–ª–º–∞—Ç—ã,–ê–ª–º–∞–ª–∏–Ω—Å–∫–∏–π —Ä–∞–π–æ–Ω,76.906579,43.250432
–ê—Ä–µ–Ω–¥–∞ –ñ–∏–ª—å—è.–ü–æ–¥—Å–µ–ª–µ–Ω–∏–µ –ê–ª–º–∞—Ç—ã,–ñ–∫ –ø—Ä –†–∞–π—ã–º–±–µ–∫–∞–ï–º—Ü–æ–≤–∞,–ê–ª–º–∞—Ç—ã,–ë–æ—Å—Ç–∞–Ω–¥—ã–∫—Å–∫–∏–π —Ä–∞–π–æ–Ω,76.898774,43.200762
–ê—Ä–µ–Ω–¥–∞ –ñ–∏–ª—å—è.–ü–æ–¥—Å–µ–ª–µ–Ω–∏–µ –ê–ª–º–∞—Ç—ã,"–ö–æ–∫—Ç–µ–º 128, –ë–æ—Å—Ç–∞–Ω–¥—ã–∫—Å–∫–∏–π –†–∞–π–æ–Ω",–ê–ª–º–∞—Ç—ã,–ú–µ–¥–µ—É—Å–∫–∏–π —Ä–∞–π–æ–Ω,76.94316,43.198241
–ê—Ä–µ–Ω–¥–∞ –ñ–∏–ª—å—è.–ü–æ–¥—Å–µ–ª–µ–Ω–∏–µ –ê–ª–º–∞—Ç—ã,–ê–ª–∞—Ç–∞—É—Å–∫–∏–π —Ä–∞–π–æ–Ω –ù“±—Ä–∫–µ–Ω—Ç,–ê–ª–º–∞—Ç—ã,–ê–ª–∞—Ç–∞—É—Å–∫–∏–π —Ä–∞–π–æ–Ω,76.820663,43.253938
–ê—Ä–µ–Ω–¥–∞ –ñ–∏–ª—å—è.–ü–æ–¥—Å–µ–ª–µ–Ω–∏–µ –ê–ª–º–∞—Ç—ã,–ë–æ—Å—Ç–∞–Ω–¥—ã–∫—Å–∫–∏–π —Ä–∞–π–æ–Ω,–ê–ª–º–∞—Ç—ã,–ë–æ—Å—Ç–∞–Ω–¥—ã–∫—Å–∫–∏–π —Ä–∞–π–æ–Ω,76.892411,43.202959
–ê—Ä–µ–Ω–¥–∞ –ñ–∏–ª—å—è.–ü–æ–¥—Å–µ–ª–µ–Ω–∏–µ –ê–ª–º–∞—Ç—ã,34 –ñ–ö,–ê–ª–º–∞—Ç—ã,–ê–ª–∞—Ç–∞—É—Å–∫–∏–π —Ä–∞–π–æ–Ω,76.85051,43.26522
–ê—Ä–µ–Ω–¥–∞ –ñ–∏–ª—å—è.–ü–æ–¥—Å–µ–ª–µ–Ω–∏–µ –ê–ª–º–∞—Ç—ã,–ë–æ—Å—Ç–∞–Ω–¥—ã–∫—Å–∫–æ–º —Ä–∞–π–æ–Ω–µ,–ê–ª–º–∞—Ç—ã,–¢—É—Ä–∫—Å–∏–±—Å–∫–∏–π —Ä–∞–π–æ–Ω,77.011309,43.348096
–ê—Ä–µ–Ω–¥–∞ –ñ–∏–ª—å—è.–ü–æ–¥—Å–µ–ª–µ–Ω–∏–µ –ê–ª–º–∞—Ç—ã,–ñ–∞–Ω–¥–æ—Å–æ–≤–∞ 166,,,,
–ê—Ä–µ–Ω–¥–∞ –ñ–∏–ª—å—è.–ü–æ–¥—Å–µ–ª–µ–Ω–∏–µ –ê–ª–º–∞—Ç—ã,–ê–ª–º–∞—Ç—ã –ê—Ä–µ–Ω–∞–ù—É—Ä–∫–µ–Ω—Ç–ê–ª–∞—Ç–∞—É—Å–∫–∏–π —Ä–∞–π–æ–Ω,–ê–ª–º–∞—Ç—ã,–¢—É—Ä–∫—Å–∏–±—Å–∫–∏–π —Ä–∞–π–æ–Ω,77.011309,43.348096
–ê—Ä–µ–Ω–¥–∞ –ñ–∏–ª—å—è.–ü–æ–¥—Å–µ–ª–µ–Ω–∏–µ –ê–ª–º–∞—Ç—ã,–ë–æ—Å—Ç–∞–Ω–¥—ã–∫—Å–∫–æ–º —Ä–∞–π–æ–Ω–µ,–ê–ª–º–∞—Ç—ã,–¢—É—Ä–∫—Å–∏–±—Å–∫–∏–π —Ä–∞–π–æ–Ω,77.011309,43.348096
–ê—Ä–µ–Ω–¥–∞ –ñ–∏–ª—å—è.–ü–æ–¥—Å–µ–ª–µ–Ω–∏–µ –ê–ª–º–∞—Ç—ã,–ê–π—Ç–µ–∫–µ –±–∏ 78,–ê–ª–º–∞—Ç—ã,–ê–ª–º–∞–ª–∏–Ω—Å–∫–∏–π —Ä–∞–π–æ–Ω,76.938774,43.257591
–ê—Ä–µ–Ω–¥–∞ –ñ–∏–ª—å—è.–ü–æ–¥—Å–µ–ª–µ–Ω–∏–µ –ê–ª–º–∞—Ç—ã,–ê–ª–º–∞ —Å–∏—Ç–∏ 41 –ù–∞—É—Ä—ã–∑–±–∞–π—Å–∫–∏–π —Ä–∞–π–æ–Ω,–ê–ª–º–∞—Ç—ã,–ù–∞—É—Ä—ã–∑–±–∞–π—Å–∫–∏–π —Ä–∞–π–æ–Ω,76.772367,43.217263
–ê—Ä–µ–Ω–¥–∞ –ñ–∏–ª—å—è.–ü–æ–¥—Å–µ–ª–µ–Ω–∏–µ –ê–ª–º–∞—Ç—ã,–ë–æ—Å—Ç–∞–Ω–¥—ã–∫—Å–∫–∏–π,–ê–ª–º–∞—Ç—ã,–ë–æ—Å—Ç–∞–Ω–¥—ã–∫—Å–∫–∏–π —Ä–∞–π–æ–Ω,76.885494,43.196515
–ê—Ä–µ–Ω–¥–∞ –ñ–∏–ª—å—è.–ü–æ–¥—Å–µ–ª–µ–Ω–∏–µ –ê–ª–º–∞—Ç—ã,–¢–∏–º–∏—Ä—è–∑–µ–≤–∞–†–∞–¥–æ—Å—Ç–æ–≤—Ü–∞,–ê–ª–º–∞—Ç—ã,–¢—É—Ä–∫—Å–∏–±—Å–∫–∏–π —Ä–∞–π–æ–Ω,77.011309,43.348096
–ê—Ä–µ–Ω–¥–∞ –ñ–∏–ª—å—è.–ü–æ–¥—Å–µ–ª–µ–Ω–∏–µ –ê–ª–º–∞—Ç—ã,–ê–õ–ú–ê–¢–´ –ê–†–ï–ù–ê,–ê–ª–º–∞—Ç—ã,–ê–ª–∞—Ç–∞—É—Å–∫–∏–π —Ä–∞–π–æ–Ω,76.815369,43.264746
–ê—Ä–µ–Ω–¥–∞ –ñ–∏–ª—å—è.–ü–æ–¥—Å–µ–ª–µ–Ω–∏–µ –ê–ª–º–∞—Ç—ã,–ó–æ–ª–æ—Ç–æ–π –∫–≤–∞–¥—Ä–∞—Ç –°–∞—Ç–ø–∞–µ–≤–∞–õ–µ–Ω–∏–Ω–∞,,,,
–ê—Ä–µ–Ω–¥–∞ –ñ–∏–ª—å—è.–ü–æ–¥—Å–µ–ª–µ–Ω–∏–µ –ê–ª–º–∞—Ç—ã,–ê–ª–º–∞ —Å–∏—Ç–∏ 5,–ê–ª–º–∞—Ç—ã,–ù–∞—É—Ä—ã–∑–±–∞–π—Å–∫–∏–π —Ä–∞–π–æ–Ω,76.776611,43.21646
–ê—Ä–µ–Ω–¥–∞ –ñ–∏–ª—å—è.–ü–æ–¥—Å–µ–ª–µ–Ω–∏–µ –ê–ª–º–∞—Ç—ã,–°–∞–π–Ω–∞ –ö–∞–±–¥–æ–ª–æ–≤–∞ —Ä—è–¥–æ–º –ì—Ä–∞–Ω–¥ –ø–∞—Ä–∫,,,,
–ê—Ä–µ–Ω–¥–∞ –ñ–∏–ª—å—è.–ü–æ–¥—Å–µ–ª–µ–Ω–∏–µ –ê–ª–º–∞—Ç—ã,–º–∫—Ä –ö–∞–∑–∞—Ö—Ñ–∏–ª—å–º 6 –ë–æ—Å—Ç–∞–Ω–¥—ã–∫—Å–∫–∏–π —Ä–Ω,–ê–ª–º–∞—Ç—ã,–ë–æ—Å—Ç–∞–Ω–¥—ã–∫—Å–∫–∏–π —Ä–∞–π–æ–Ω,76.90344,43.191076
–ê—Ä–µ–Ω–¥–∞ –ñ–∏–ª—å—è.–ü–æ–¥—Å–µ–ª–µ–Ω–∏–µ –ê–ª–º–∞—Ç—ã,"–ñ–ö –ê–ª–º–∞–ª—ã, –ê–ª–∞—Ç–∞—É—Å–∫–∏–π —Ä–∞–π–æ–Ω",–ê–ª–º–∞—Ç—ã,–ê–ª–∞—Ç–∞—É—Å–∫–∏–π —Ä–∞–π–æ–Ω,76.821991,43.260965
–ê—Ä–µ–Ω–¥–∞ –ñ–∏–ª—å—è.–ü–æ–¥—Å–µ–ª–µ–Ω–∏–µ –ê–ª–º–∞—Ç—ã,–ñ–∞—Å –∫–∞–Ω–∞—Ç –ü–ö –∫—É–Ω–∞–µ–≤–∞ 336 –∫12,–ê–ª–º–∞—Ç—ã,–¢—É—Ä–∫—Å–∏–±—Å–∫–∏–π —Ä–∞–π–æ–Ω,76.9852,43.31412
–ê—Ä–µ–Ω–¥–∞ –ñ–∏–ª—å—è.–ü–æ–¥—Å–µ–ª–µ–Ω–∏–µ –ê–ª–º–∞—Ç—ã,–î–æ—Å—Ç—ã–∫ 10340,–ê–ª–º–∞—Ç—ã,–ú–µ–¥–µ—É—Å–∫–∏–π —Ä–∞–π–æ–Ω,76.951064,43.256043
–ê—Ä–µ–Ω–¥–∞ –ñ–∏–ª—å—è.–ü–æ–¥—Å–µ–ª–µ–Ω–∏–µ –ê–ª–º–∞—Ç—ã,–ê—É—ç–∑–æ–≤–∞ –ñ–∞–Ω–¥–æ—Å–æ–≤–∞,–ê–ª–º–∞—Ç—ã,–ë–æ—Å—Ç–∞–Ω–¥—ã–∫—Å–∫–∏–π —Ä–∞–π–æ–Ω,76.904603,43.234812
–ê—Ä–µ–Ω–¥–∞ –ñ–∏–ª—å—è.–ü–æ–¥—Å–µ–ª–µ–Ω–∏–µ –ê–ª–º–∞—Ç—ã,–ñ–∞–Ω–¥–æ—Å–æ–≤–∞ –ñ–∞—Ä–æ–∫–æ–≤–∞ —Ä–∞–π–æ–Ω –∞—Ç–∞–∫–µ–Ω—Ç–∞ –∫–∞–∑–≥—É —Å–∞—Ç–ø–∞–µ–≤–∞ —Ç–µ—Ö–Ω–∏—á–µ—Å–∫–∏–π —É–Ω–∏–≤–µ—Ä,,,,
–ê—Ä–µ–Ω–¥–∞ –ñ–∏–ª—å—è.–ü–æ–¥—Å–µ–ª–µ–Ω–∏–µ –ê–ª–º–∞—Ç—ã,–ê–ª–º–∞–ª–∏–Ω—Å–∫–æ–º —Ä–∞–π–æ–Ω–µ,–ê–ª–º–∞—Ç—ã,–ê–ª–º–∞–ª–∏–Ω—Å–∫–∏–π —Ä–∞–π–æ–Ω,76.912738,43.251274
–ê—Ä–µ–Ω–¥–∞ –ñ–∏–ª—å—è.–ü–æ–¥—Å–µ–ª–µ–Ω–∏–µ –ê–ª–º–∞—Ç—ã,—Ä–∞–π–æ–Ω –ê–∫—Å–∞–π4,–ê–ª–º–∞—Ç—ã,–ê—É—ç–∑–æ–≤—Å–∫–∏–π —Ä–∞–π–æ–Ω,76.838105,43.227678
–ê—Ä–µ–Ω–¥–∞ –ñ–∏–ª—å—è.–ü–æ–¥—Å–µ–ª–µ–Ω–∏–µ –ê–ª–º–∞—Ç—ã,–†–∞–π–æ–Ω –±–æ—Å—Ç–∞–Ω–¥—ã–∫—Å–∫–∏–π –∞—É–µ–∑–æ–≤—Å–∫–∏–π,–ê–ª–º–∞—Ç—ã,–ë–æ—Å—Ç–∞–Ω–¥—ã–∫—Å–∫–∏–π —Ä–∞–π–æ–Ω,76.900985,43.207815–ê—Ä–µ–Ω–¥–∞ –ñ–∏–ª—å—è.–ü–æ–¥—Å–µ–ª–µ–Ω–∏–µ –ê–ª–º–∞—Ç—ã,–ì–∞–≥–∞—Ä–∏–Ω–∞,,,,

–ê–õ–ú–ê–¢–´ (–ö–í–ê–†–ï–ù–î–ê–ü–û–î–°–ï–õüè†),–£–ª–∏—Ü–∞ –£—Ç–µ–≥–µ–Ω –±–∞—Ç—ã—Ä–∞ 17–ë –∫4 –ì—Ä–∞–Ω–¥ –ü–∞—Ä–∫ –∂–∞–Ω—ã–Ω–¥–∞,,,,
–ê–õ–ú–ê–¢–´ (–ö–í–ê–†–ï–ù–î–ê–ü–û–î–°–ï–õüè†),–ñ–ö,,,,
–ê–õ–ú–ê–¢–´ (–ö–í–ê–†–ï–ù–î–ê–ü–û–î–°–ï–õüè†),–ñ–∞—Å “õ–∞–Ω–∞—Ç –ü–∫ –ö—É–Ω–∞–µ–≤–∞ 33610,,,,
–ê–õ–ú–ê–¢–´ (–ö–í–ê–†–ï–ù–î–ê–ü–û–î–°–ï–õüè†),–ì–∞–≥–∞—Ä–∏–Ω–∞,,,,
–ê–õ–ú–ê–¢–´ (–ö–í–ê–†–ï–ù–î–ê–ü–û–î–°–ï–õüè†),–ö–∞—Ä–∞—Å–∞–π –±–∞—Ç—ã—Ä–∞–ú—É—Ä–∞—Ç–±–∞–µ–≤–∞,,,,
–ê–õ–ú–ê–¢–´ (–ö–í–ê–†–ï–ù–î–ê–ü–û–î–°–ï–õüè†),–ê—É—ç–∑–æ–≤—Å–∫–∏–π —Ä–∞–π–æ–Ω –±–ª–∏–∂–µ –∫ –ø–µ—Ä–µ—Å–µ—á–µ–Ω–∏—é —É–ª–∏—Ü –ê–±–∞—è –∏ –°–∞–∏–Ω–∞ –ñ–µ—Ç—ã—Å—É3 –¥–æ–º 16,,,,
–ê–õ–ú–ê–¢–´ (–ö–í–ê–†–ï–ù–î–ê–ü–û–î–°–ï–õüè†),–¢–∞—É–≥—É–ª—å 149,,,,
–ê–õ–ú–ê–¢–´ (–ö–í–ê–†–ï–ù–î–ê–ü–û–î–°–ï–õüè†),–ö–æ–∫—Ç–µ–º2 –ö–∞–∑–ù–£–≥–∞ –Ω–∞–ø—Ä–æ—Ç–∏–≤,,,,
–ê–õ–ú–ê–¢–´ (–ö–í–ê–†–ï–ù–î–ê–ü–û–î–°–ï–õüè†),"–ö”©–∫—Ç–µ—Ä–µ–∫ 139, –Ω–∞—É—Ä—ã–∑–±–∞–π—Å–∫–∏–π —Ä–∞–π–æ–Ω",,,,
–ê–õ–ú–ê–¢–´ (–ö–í–ê–†–ï–ù–î–ê–ü–û–î–°–ï–õüè†),–ê–∫–±—É–ª–∞–∫ 7,,,,
–ê–õ–ú–ê–¢–´ (–ö–í–ê–†–ï–ù–î–ê–ü–û–î–°–ï–õüè†),–ö—Ä–∞–º—Å–∫–æ–≥–æ 14,,,,
–ê–õ–ú–ê–¢–´ (–ö–í–ê–†–ï–ù–î–ê–ü–û–î–°–ï–õüè†),–ñ–ö –ø—Ä –†–∞–π—ã–º–±–µ–∫–∞ –ï–º—Ü–æ–≤–∞ –ö–≤ 150150300,,,,
–ê–õ–ú–ê–¢–´ (–ö–í–ê–†–ï–ù–î–ê–ü–û–î–°–ï–õüè†),–¢–û–õ–ï–ë–ò–ú–û–ú–´–®–£–õ–´,,,,
–ê–õ–ú–ê–¢–´ (–ö–í–ê–†–ï–ù–î–ê–ü–û–î–°–ï–õüè†),–ë—É—Ö–∞—Ä –∂—ã—Ä–∞—É –º–µ–∂–¥—É –ö–ê–ó–ù–£ –∏ –ü–û–õ–ò–¢–ï–•–û–ú,,,,
–ê–õ–ú–ê–¢–´ (–ö–í–ê–†–ï–ù–î–ê–ü–û–î–°–ï–õüè†),–ú–∫—Ä –®–£–ì–´–õ–ê 3403,,,,
–ê–õ–ú–ê–¢–´ (–ö–í–ê–†–ï–ù–î–ê–ü–û–î–°–ï–õüè†),–ñ–∞–º–±—ã–ª–∞–ë–∞–π–∑–∞–∫–æ–≤–∞,,,,
–ê–õ–ú–ê–¢–´ (–ö–í–ê–†–ï–ù–î–ê–ü–û–î–°–ï–õüè†),–ê–∫—Å–∞–π12,,,,
–ê–õ–ú–ê–¢–´ (–ö–í–ê–†–ï–ù–î–ê–ü–û–î–°–ï–õüè†),–ø–µ—Ä–µ—Å–µ—á–µ–Ω–∏–µ —É–ª–∏—Ü –¢–æ–ª–µ–±–∏ –∏ –ñ–∞—Ä–æ–∫–æ–≤–∞,,,,
–ê–õ–ú–ê–¢–´ (–ö–í–ê–†–ï–ù–î–ê–ü–û–î–°–ï–õüè†),–û—Ä–±–∏—Ç–∞1 –≤–æ–∑–ª–µ –ú–µ–≥–∏–†–æ–∑—ã–±–∞–∫–∏–µ–≤–∞,,,,
–ê–õ–ú–ê–¢–´ (–ö–í–ê–†–ï–ù–î–ê–ü–û–î–°–ï–õüè†),–ñ–ö –ö–≤–∞—Ä—Ç–∏—Ä–∞ –µ–≤—Ä–æ–¥–≤—É—à–∫–∞ –†—è–¥–æ–º –¢–†–¶ –ê–î–ö —Å—Ç–∞–Ω—Ü–∏—è –°–∞–π—Ä–∞–Ω –≤ 5 –º–∏–Ω—É—Ç–∞—Ö –ê–±–∞—è–ë—Ä—É—Å–∏–ª–æ–≤—Å–∫–æ–≥–æ,,,,
–ê–õ–ú–ê–¢–´ (–ö–í–ê–†–ï–ù–î–ê–ü–û–î–°–ï–õüè†),–º–∫—Ä –¢–∞—Å—Ç–∞–∫,,,,
–ê–õ–ú–ê–¢–´ (–ö–í–ê–†–ï–ù–î–ê–ü–û–î–°–ï–õüè†),–ê–ª–∞—Ç–∞—É—ã—Å–∫–∏ –Ω–∞—É—Ä—ã–∑–±–∞–π—Å–∫–∏ —Ä–∞–π–æ–Ω–Ω–∞–Ω,,,,
–ê–õ–ú–ê–¢–´ (–ö–í–ê–†–ï–ù–î–ê–ü–û–î–°–ï–õüè†),–®–∞–ª—è–ø–∏–Ω–∞–±–µ—Ä–µ–≥–æ–≤–æ–≥–æ,,,,
–ê–õ–ú–ê–¢–´ (–ö–í–ê–†–ï–ù–î–ê–ü–û–î–°–ï–õüè†),–¢–∏–º–∏—Ä—è–∑–µ–≤–∞–†–æ–∑—ã–±–∞–∫–∏–µ–≤–∞,,,,
–ê–õ–ú–ê–¢–´ (–ö–í–ê–†–ï–ù–î–ê–ü–û–î–°–ï–õüè†),–¢”©–ª–µ–±–∏ –ú–æ–º—ã—à“±–ª—ã,,,,
–ê–õ–ú–ê–¢–´ (–ö–í–ê–†–ï–ù–î–ê–ü–û–î–°–ï–õüè†),–ê–ª–º–∞—Ç—ã,,,,
–ê–õ–ú–ê–¢–´ (–ö–í–ê–†–ï–ù–î–ê–ü–û–î–°–ï–õüè†),–ñ–ö –ù–£–†–ò–Ø,,,,
–ê–õ–ú–ê–¢–´ (–ö–í–ê–†–ï–ù–î–ê–ü–û–î–°–ï–õüè†),–ê—Ä–±–∞—Ç–∞,,,,
–ê–õ–ú–ê–¢–´ (–ö–í–ê–†–ï–ù–î–ê–ü–û–î–°–ï–õüè†),–ñ–ö –ú–µ–¥–µ—É –ü–∞—Ä–∫,,,,
–ê–õ–ú–ê–¢–´ (–ö–í–ê–†–ï–ù–î–ê–ü–û–î–°–ï–õüè†),–ö–ª–æ—á–∫–æ–≤–∞ 166 —Ç–∏–º–∏—Ä—è–∑–µ–≤–∞ –∞—É—ç–∑–æ–≤–∞,,,,
–ê–õ–ú–ê–¢–´ (–ö–í–ê–†–ï–ù–î–ê–ü–û–î–°–ï–õüè†),–ñ–ö –ñ–µ—Ç–∏—Å—É –ø–∞—Ä–∫ –Ω–∞ –ï—Å–µ–Ω–æ–≤–∞ –ë–∞—è–Ω–∞—É—ã–ª—å—Å–∫–∞—è,,,,
–ê–õ–ú–ê–¢–´ (–ö–í–ê–†–ï–ù–î–ê–ü–û–î–°–ï–õüè†),–ö–≤–∞—Ä—Ç–∏—Ä–∞ –æ—Ñ–∏—Å –ë–∞–π–∑–∞–∫ –∂–∞“õ—Ç–∞ –ú—É–∏—Ç —É–Ω–∏–≤–µ—Ä—Å–∏—Ç–µ—Ç—ã–Ω–∞ 5 –º–∏–Ω—É—Ç –∂–µ—Ä–¥–µ,,,,
–ê–õ–ú–ê–¢–´ (–ö–í–ê–†–ï–ù–î–ê–ü–û–î–°–ï–õüè†),–ñ–∫ 17 —ç—Ç–∞–∂,,,,
–ê–õ–ú–ê–¢–´ (–ö–í–ê–†–ï–ù–î–ê–ü–û–î–°–ï–õüè†),–ê–ª–º–∞—Ç—ã,,,,
–ê–õ–ú–ê–¢–´ (–ö–í–ê–†–ï–ù–î–ê–ü–û–î–°–ï–õüè†),–ñ–ö –ú–∞–Ω—Ö—ç—Ç—Ç–∞–Ω –¢–µ—Ä–∞–∫–æ—Ç—Ç–∞ –°–∏–º—Ñ–æ–Ω–∏—è –ê–ª—Ç—ã–Ω–±—É–ª–∞–∫ –û–Ω–µ—Ä –ì–∞—É—Ö–∞—Ä—Ç–∞—Å,,,,
–ê–õ–ú–ê–¢–´ (–ö–í–ê–†–ï–ù–î–ê–ü–û–î–°–ï–õüè†),–ê–ª–º–∞–ª–∏–Ω—Å–∫–∏–π —Ä–∞–π–æ–Ω –¢–æ–ª–µ –±–∏ –ë–∞–π–∑–∞–∫–æ–≤–∞,,,,
–ê–õ–ú–ê–¢–´ (–ö–í–ê–†–ï–ù–î–ê–ü–û–î–°–ï–õüè†),–ê–Ω–æ—Å–æ–≤–∞ 45,,,,
–ê–õ–ú–ê–¢–´ (–ö–í–ê–†–ï–ù–î–ê–ü–û–î–°–ï–õüè†),–°–∞–∏–Ω–∞ –¢–æ–ª–µ –±–∏ –¢–∞—à–∫–µ–Ω—Ç—Å–∫–∞—è –ú–æ–º—ã—à—É–ª—ã,,,,
–ê–õ–ú–ê–¢–´ (–ö–í–ê–†–ï–ù–î–ê–ü–û–î–°–ï–õüè†),–ê–ª–º–∞–ª–∏–Ω—Å–∫–æ–º —Ä–∞–π–æ–Ω–∞,,,,
–ê–õ–ú–ê–¢–´ (–ö–í–ê–†–ï–ù–î–ê–ü–û–î–°–ï–õüè†),"–†–æ–∑—ã–±–∞–∫–∏–µ–≤–∞ –∏–ª–∏ –ì–∞–≥–∞—Ä–∏–Ω–∞, –ë–æ—Å—Ç–∞–Ω–¥—ã–∫—Å–∫–∏–π —Ä–∞–π–æ–Ω",,,,
