,date,message,channel_name
0,2024-10-30T14:19:35,Срочно нужна квартира 2х комн УнивермагДианаШкольник 87085459248,Уральск Квартира  Орал КВАРТИРА Аренда
1,2024-10-29T13:55:07,Нужна квартира на длительный срокПодселение 3 қызға кв керек Мекенжай школьник назарбаев кердері желательно центрдан болса Бөлме саны 1 Срок ұзақ мерзімге Баға 80к120к арасы Условия жақсы интернет тамақ жасайтын плита стиральный машина полноценный шкаф тб Квартираға кіру уақыты ноябр дайын болса ертенде кіріп кетуге дайынбыз 77054142928,Уральск Квартира  Орал КВАРТИРА Аренда
2,2024-10-29T12:16:24,1 комнаталы квартираға 1 қыз іздейміз 0411 бастап кіруге 30к ком услуга Адрес Мухита 134 87775422641,Уральск Квартира  Орал КВАРТИРА Аренда
3,2024-10-29T12:14:10,Қасымызға қыз 1 іздеймііз МекенжайОмега Бөлме саны1 Бағасы адам басына 22 УсловияСтиральный машинаПолноценный шкафтб 87077575441,Уральск Квартира  Орал КВАРТИРА Аренда
4,2024-10-29T12:10:03,Квартираға 1бала керек бірге тұруға кв курмангазы центр жакта желательно студент бала босла либо ышпеитн шекпеитн тнш любой бала кв барлык условия бар 3 ком кв 87760753915,Уральск Квартира  Орал КВАРТИРА Аренда
5,2024-10-28T23:28:37,Келесі айдың 5і нен бастап көшетін кв керек 2 қызбыз желательно орталықтан болса 7 705 512 2808,Уральск Квартира  Орал КВАРТИРА Аренда
6,2024-10-28T02:25:25,Квартира іздеймін 1 бөлмелі Барлық жағдайы жасалған болса 4060 мың шамасында Інім мен қарындасым бар бірге тұрады Адрес Орталықтан болса тұрақты жұмысым бар 87052866474,Уральск Квартира  Орал КВАРТИРА Аренда
7,2024-10-28T01:39:27,Ищу квартиру В районе пединститута либо школьник для подселения можно другие районы рядом с оплатой примерно 2535к в месяц Сама чистоплотная работаю Думаю поселиться в середине либо в конце ноября 77788077747,Уральск Квартира  Орал КВАРТИРА Аренда
8,2024-10-20T21:44:37,Бирге туруга кв керек подселение Центр жактан болса пугачевапединститутгагаринвкироваюбиляр или педколледжге жакн болса болды Цена25к комуслуг Квартира ишнде барлык жағдаиы жасалғанстиральный машина шкафкухонныйдуш тб Таза кыздар болсаишпеитншекпеитнозим тазамынартык кылығым жокстудентпн Осы аидың 28не деин кирп кетсем деимн 87086313057,Уральск Квартира  Орал КВАРТИРА Аренда
9,2024-10-20T11:54:04,Қасыма бірге тұратын 1 немесе 2 қыз керек АдрсЗачаганскжақсы ауыл жер үй тұруға ыңғайлы ішінде бәрі бар қыста жылы болат ОстМолодёжный 2комт 70к комуслог ішінде 87759911625,Уральск Квартира  Орал КВАРТИРА Аренда
10,2024-10-19T19:16:17,Нужна 1 девушка в 2х комнатную квартиру на подселение Район ТЭЦ оплата 35000 ком услуги внутри будем жить в 3оем 87079427973,Уральск Квартира  Орал КВАРТИРА Аренда
11,2024-10-19T11:44:58,Ищу девушек для совместного проживанияв четвером 40000 ком услуги Все условия в квартире есть Квартира в центре города 2 комнаты Мен бірге тұратын қыздарды іздеймін төртеуінде 40000 ком қызметтер Барлық ыңғайлылығы бар қала орталығындағы пәтер 2 комнаты 87053876998,Уральск Квартира  Орал КВАРТИРА Аренда
12,2024-10-15T09:01:50,Бірге тұруға кв керек Центрдан болса Условиясы жақсы болса 87714085175,Уральск Квартира  Орал КВАРТИРА Аренда
13,2024-10-14T16:14:43,8 школ жакта кв бар 30мын тг комуслуга ішінде барлық жағдай жасалған 87051250882,Уральск Квартира  Орал КВАРТИРА Аренда
14,2024-10-14T12:18:40,Подселениеге 2 қыз керек Центр 3 бөлмелі үйге 2 қыз қажет срочно адам басына 25 мың Остоновка Юбилейныйда дәл артында орналасқан қасында бәрі бар үйде барлық жағдай жасалған Жат қылығы жоқ ішпейтін темекі шекпейтін қыздар қажет 87055153935,Уральск Квартира  Орал КВАРТИРА Аренда
15,2024-10-10T20:35:44,Ищу 1 девушку для совместного снятия квартиры Примерно по 50 тысяч тенге Желательно работающая 87079428973,Уральск Квартира  Орал КВАРТИРА Аренда
16,2024-10-09T16:26:11,Срочно ищу квартиру 1 ком центр болса Семеныйбез детей 7080 тыс 87051983024,Уральск Квартира  Орал КВАРТИРА Аренда
17,2024-10-09T12:55:43,Қасыма бірге тұратын қыз керек Жана орда 15 новый дом1 қыз керек 87776717763 87776717764,Уральск Квартира  Орал КВАРТИРА Аренда
18,2024-10-08T21:26:06,Квартирага бирге туратын бир кыз керек Универмаг жакта айына 31мыннан 87056619456,Уральск Квартира  Орал КВАРТИРА Аренда
19,2024-10-06T17:41:48,Қасыма тұруға бір қыз керек Остановка жигули айына 25К 87761943414,Уральск Квартира  Орал КВАРТИРА Аренда
20,2024-10-06T16:30:15,Нужна квартира на длительный срок Пединститутюбилейныйшкольниккирова жақтан 2бөлмелі немесе 1бөлмелі кв керек еді Бағасы 70000100000 арасы комуслуга ішінде болса 87767699348,Уральск Квартира  Орал КВАРТИРА Аренда
21,2024-10-03T19:57:34,Срочно Квартирага туратн 4 кыз керек Адам басына 37500 тг ден келеды 77713910034,Уральск Квартира  Орал КВАРТИРА Аренда
22,2024-10-03T16:46:37,СРОЧНО Квартирага бирге туратын 2 кыз керек адрес район 22 школа кыз басна 37500 тг келеды 87713910034,Уральск Квартира  Орал КВАРТИРА Аренда
23,2024-10-03T13:03:22,Квартирага 1 бала керек Адрес курмангазы жакта бары жакн условия бары бар 87760753915,Уральск Квартира  Орал КВАРТИРА Аренда
24,2024-10-03T09:44:11,Подселениеге 2 қыз керек Центр 3 бөлмелі үйге 2 қыз қажет срочно адам басына 25 мың Остоновка Юбилейныйда дәл артында орналасқан қасында бәрі бар үйде барлық жағдай жасалған 87055153935,Уральск Квартира  Орал КВАРТИРА Аренда
25,2024-10-02T12:38:23,СРОЧНО квартирага 3 кыз издеймыз квартира евро ремонт ишнде барлык жагдай жасалган адрес Жана Орда айына адам басына 50к дан келеды 87789208388,Уральск Квартира  Орал КВАРТИРА Аренда
26,2024-09-30T11:38:28,Квартира издимиз 1 комнат болсада 3 адамға барлық жағдайы бар 7000080000мын аралыгында ком услага ишинде квартирага киру уакыты октябрь казан айынын 15 нен бастап юбейлейныйхлеб завод маметоважактардан желательно пугачевжазирасхи2030школ жактанда болад остоновка жакын болу керек 87058220967,Уральск Квартира  Орал КВАРТИРА Аренда
27,2024-09-28T18:50:00,Қасымызға тұруға 1 қыз қажет Юбелейный жакта бөлме саны 2 ай сайынғы төлем 25мынком УсловияСтиральный машинаПолноценный шкафтб 2 кыз керек Барлық сұрақ бойынша Вацап 87769151163,Уральск Квартира  Орал КВАРТИРА Аренда
28,2024-09-28T15:19:36,КВАРТИРА КЕРЕК студент 4 бала 120к ға дейін одан қымбат керек емес 12 комната Центр жақтан сарайшық саяхат крч шестой 4мкр шақтан қажет емес НАМАЗ ОҚИТЫН БАЛДАРМЫЗ таза ұстаймыз таза жерде оқу парыз намазды Срочно керек реско кіріп кетеміз ұнаса Тел 87770656261,Уральск Квартира  Орал КВАРТИРА Аренда
29,2024-09-28T11:15:56,ПодселениеБірге тұру Қасыма бірге тұруға қыздар керек квартира таппадым Сондықтан үш төрт қыз жиналсақ бірге табайық Артық қылығы жоқ қыздар керек 87761943414,Уральск Квартира  Орал КВАРТИРА Аренда
30,2024-09-27T20:03:31,Қажымұрат Манас Достар комментарийлердегі обявление сақ болыңыздаарМанасҚ деген адам предоплата талап етіпкейін ақшаларыңыздан айрылып қаласыздаар Предоплата салыпхабарсыз кеткен адамдар болса заявление жазайқ барлығымыз барып20003000ТГ БОЛСА Дөзім жаздым ужетағы адамдар көп болса түрмеге де жабар Перепискаперевод болу керек 87073455285осы номерге жазынздаршыы Туған туыстары көріп отырса өзіне ескертерсіздер МАНАСТЫҢ,Уральск Квартира  Орал КВАРТИРА Аренда
31,2024-09-25T18:54:34,Квартира керек 2 адамбыз 2 комнатный болсада касымызға бірге тұруға 2 адам аламыз қыз ұл без разница 87081852605,Уральск Квартира  Орал КВАРТИРА Аренда
32,2024-09-24T00:04:26,Презентация слайд жасаймыз Соңғы модель бойынша Студенттерге 10 скидка 300924 күнге дейін Толығырақ 87472943029 уатсапқа жазсаңыз болады,Уральск Квартира  Орал КВАРТИРА Аренда
33,2024-09-23T22:45:19,Нужна квартира на длительный срокСовместно тұруға қыздар Мекенжай Центрде Бөлме саны 1 Срок ұзақ мерзімге Баға Бірге тұруға 2 қыз керек 50 мың теңгеден каждыйынан 2 комнатты үй 4 қыз болып тұрамызЖұмыс жасайтын қыздар болса Условия жақсы интернет тамақ жасайтын плита стиральный машина вайфай телевизор жаңадан ремонтталған тб Квартираға кіру уақыты бір қыз 031024 екінші қыз 051024 тек вацапқа жазыңыздар 7 775 275 9012,Уральск Квартира  Орал КВАРТИРА Аренда
34,2024-09-23T01:29:05,Квартира керек ұзақ мерзімге 12 ком центр или шестой болсын бәрібір 80140айналасы 87052195156,Уральск Квартира  Орал КВАРТИРА Аренда
35,2024-09-22T20:29:36,Нужна квартира на длительный срокПодселениеКвартира керек Мекенжай зачаганск Бөлме саны 1 Срок ұзақ мерзімге Баға 7000080000аралығында Условия жақсы интернет тамақ жасайтын плита стиральный машина полноценный шкаф тб Квартираға кіру уақытысентябр 2627 7 7712363867,Уральск Квартира  Орал КВАРТИРА Аренда
36,2024-09-21T15:48:21,Квартираға 1 или 2 қыз керек Мөнкеулы 1086 Айға менімен 3 қыз болсак 26к 2 қыз болсак 40 к дан шығады Жаман әдеті жоқ Жас қыздар болса Сұрактар бойынша 87076767250,Уральск Квартира  Орал КВАРТИРА Аренда
37,2024-09-21T15:10:16,Бирге туруга кыз издеймиз Студентпыз Мекен жайы Монкеулы 974 Назель жанында Болме саны 1 Срок Узак мерзимге Условия новый квартира мебель шкаф диван микроволновка автомат стиралка тб бар 27 сентябрь бастап кире беруге болады 33 к 77715475155,Уральск Квартира  Орал КВАРТИРА Аренда
38,2024-09-19T21:15:02,Возьмем на подселение 2 девушки Квартира чистая В центре по адресу Кердеры 131 87021597878,Уральск Квартира  Орал КВАРТИРА Аренда
39,2024-09-19T21:14:24,Нужна квартира на длительный срокСовместно тұруға қыздар Октябрь 5і нен бастап 3 қызға кв керек центрдан қасына қыз алып жатқандар бармаИли 1ком кв болса 7 705 512 2808,Уральск Квартира  Орал КВАРТИРА Аренда
40,2024-09-18T15:32:06,Стрижка каскад модель керек БЕСПЛАТНО 5 қыз үйренугеСтрижка каскад 2500 тенге 7 775 275 9012 вацапқа шықсаңыздар болады,Уральск Квартира  Орал КВАРТИРА Аренда
41,2024-09-16T15:24:35,Квартираға 2қыз керек Район Юбилейный Бөлме саны 2 Срок ұзақ мерзімге Баға 24000 ком усл Условия стиральный машина холодельник полноценный шкаф кондер телевизор Квартираға кіру уақыты 17 сентябрь бастап 7 777 567 81 56,Уральск Квартира  Орал КВАРТИРА Аренда
42,2024-09-12T23:29:48,Самая быстрая продажа Тут можно продать и купить ВСЁ Заявка в телеграм,Уральск Квартира  Орал КВАРТИРА Аренда
43,2024-09-12T23:18:24,Срочно ищу квартиру на длительный срок или совместно бірге тұруға можно женщина с ребенком В районе ШкольникДианаУнивермагЕвразия7ая школаЛТолстой 87085459248,Уральск Квартира  Орал КВАРТИРА Аренда
44,2024-09-11T20:57:06,Кв керек срочно 2 баламыз студент Или қастарына іздеп жатқан балдар болса бірге тұруға 87769266168,Уральск Квартира  Орал КВАРТИРА Аренда
45,2024-09-09T21:50:53,Қасымызға тұруға 1 қыз қажет Юбелейный жакта бөлме саны 2 ай сайынғы төлем 25мынком УсловияСтиральный машинаПолноценный шкафтб Киру уакытыбугин или ертен Барлық сұрақ бойынша Вацап 87769151163,Уральск Квартира  Орал КВАРТИРА Аренда
46,2024-09-09T20:38:06,Универмагта квартира бар совместный тұруға 1 қыз керек Меңдалиева 2 адресы Студент болса жақсы болар еді 1620 жас аралығындағы Ватсап номер 7 705 954 6972,Уральск Квартира  Орал КВАРТИРА Аренда
47,2024-09-09T17:49:41,Нужна квартира на длительный срокСовместно тұруға қыздар Мекенжай Центрде Бөлме саны 1 Срок ұзақ мерзімге Баға 1 комнатаға 2 қыз 100 000 теңге50к с каждого теңге комуслуга ішінде Условия жақсы интернет тамақ жасайтын плита стиральный машина вайфай телевизор жаңадан ремонтталған тб Квартираға кіру уақыты Августь айы тек вацапқа жазыңыздар 7 7086012494,Уральск Квартира  Орал КВАРТИРА Аренда
48,2024-09-08T16:40:39,Совместный тұруға 2 қыз керек 2бөлмелі квартира таза студент қыздар керек бағасы 150к ком услуга кіргенде 42500 толиміз бірге келесі ай 37500ден квартирада бәрі барутюгстиралкамикроволновкателевизоркондершкафпелесос Ватсап номер 77711311096,Уральск Квартира  Орал КВАРТИРА Аренда
49,2024-09-06T23:27:22,Нужна квартира на длительный срокподеселение Мекенжайцентр ситиабубакир кердери 172 школьник назарбаева Бөлме саны23 Срок 1жыл Баға100120 Условиятамақ жасайтын плитагазстиральный машинаполноценный шкаф тб Квартираға кіру уақыты ертең 77474502723,Уральск Квартира  Орал КВАРТИРА Аренда
50,2024-09-06T23:25:44,Совместный тұруға 1 қыз аламын Универмагта квартира бар Меңдалиева 2 адресынде 1 қызбын Қасыма тұруға 1 кыз керек Студент болса жақсы болар еді 1620 жас аралығындағы Ватсап номер 7 747 829 4148,Уральск Квартира  Орал КВАРТИРА Аренда
51,2024-09-06T22:37:24,КВАРТИРАҒА 2БАЛА КЕРЕК ҚАСЫМЫЗҒА ӨЗІМІЗ 4 БАЛАМЫЗ КВАТИРА 180к 4 мкр ҮЙ ТАЗА ЖАҚСЫ 3 КОМ ІШІП ШЕКПЕЙТІН БАЛДАР КЕРЕК Тел 87769042733 только ватсап,Уральск Квартира  Орал КВАРТИРА Аренда
52,2024-09-06T20:19:54,Срочно нужна квартира совместного проживанияс хозяйкойподселение Районзачаганск Пед двд птица налог филармония и тд Без вредных привычекот меня своевременная оплата Напишите в ватсап 87774935154,Уральск Квартира  Орал КВАРТИРА Аренда
53,2024-09-05T00:36:05,Нужна квартира на длительный срокподеселение Мекенжайцентр ситиабубакир кердери 172 школьникорал магазин Бөлме саны2 Срок 1жыл Баға100120 подселениемен болса 2030 Условиятамақ жасайтын плитагазстиральный машинаполноценный шкаф тб Квартираға кіру уақытысентябрь айы болса ортасы болса жақсы болар еді 77054237506,Уральск Квартира  Орал КВАРТИРА Аренда
54,2024-09-05T00:34:57,Квартира керек 1 қызғақыздармен бірге тұруға Мекен жайцентр жақтан керек4мкрсергей тюленинажугулиунивермарг тб Срокұзаққа Баға2025 Квартираға кіру уақытСуботта 87078541336 Срочноо,Уральск Квартира  Орал КВАРТИРА Аренда
55,2024-09-04T22:16:06,Нужна квартира на субаренде Мекенжай мкр 5679 Бөлме саны 12 Срок ұзақ мерзімге Баға 90000120000болса Условия жақсы интернет тамақ жасайтын плита стиральный машина полноценный шкаф тб Квартираға кіру уақыты сентябрь 77082484051,Уральск Квартира  Орал КВАРТИРА Аренда
56,2024-09-04T22:04:06,Квартира керек срочно Мекенжай желательно центр Бөлме саны 12 Срок ұзақ мерзімге Баға 100000150000 Условия жақсы интернет тамақ жасайтын плита стиральный машина кондиционер полноценный шкаф тб Квартираға кіру уақыты срочно 12кунде 7 777 023 7840,Уральск Квартира  Орал КВАРТИРА Аренда
57,2024-09-04T18:38:39,Қасымызға тұруға 2 қыз қажет 4мкрн жақта бөлме саны 2 ай сайынғы төлем 30мын УсловияСтиральный машинаПолноценный шкафтб Барлық сұрақ бойынша 87474364972 ватсап 87055621372 звонок,Уральск Квартира  Орал КВАРТИРА Аренда
58,2024-09-04T01:20:23,Қасымызға қыз керек МекенжайОмега Бөлме саны1 Бағасы адам басына 22 УсловияСтиральный машинаПолноценный шкафтб 87714085175,Уральск Квартира  Орал КВАРТИРА Аренда
59,2024-09-04T01:19:10,Квартираподселение іздейміз Студент 2 ер баламыз 87769266168 вацап номер,Уральск Квартира  Орал КВАРТИРА Аренда
60,2024-09-04T00:54:24,Квартираға бірге тұруға бір қыз керек Мекенжай 4 мкрн Баға 33мн кум Усоовия ыдыс стиральный машина плита полноценный шкаф тамақ жылтатын бәрі бар Сенімен 3 қыз болып тұрамыз Квартиага кіру уактты Бүгін ертен өзіне ыңғайлы уакыт 77072884516,Уральск Квартира  Орал КВАРТИРА Аренда
61,2024-09-02T22:55:55,Квартираға бірге тұруға 1 қыз керек Мекенжай Зачаганск Бөлме саны 3 Срок ұзақ мерзімге Баға 25 000 Условия тамақ жасайтын плита стиральный машина полноценный шкаф тб Квартираға кіру уақыты бүгінертендері 7 775 991 1625,Уральск Квартира  Орал КВАРТИРА Аренда
62,2024-09-02T21:32:27,Нужна квартира комната на длительный срок Желательно в центре Количество комнат 1 Срок длительный Цена50 000 80 000 Условия стиральная машина шкаф кухня Въезд 5 сентября 87751264628 писать в ватсап,Уральск Квартира  Орал КВАРТИРА Аренда
63,2024-09-02T21:25:07,Квартирага подселениеге бала керек 2 бала Квартира школьник жакта аиына 160 к комуслуга 3 комнатная 4 баламз 2 адам керек енды 1 адам басына 26666 ком услуга Условия бары бар кыру уакыты сентябр 11ы студент балдармз 87760753915 ватсап осы,Уральск Квартира  Орал КВАРТИРА Аренда
64,2024-09-02T21:00:08,2 Орал қаласы бойынша 1 официанттарға арналған группа Официант кассир раздача керек,Уральск Квартира  Орал КВАРТИРА Аренда
65,2024-09-02T17:33:34,Нужна квартира на длительный срокПодселение Мекенжай центр саяхат толстой зигзаг школьник революция юбиляр евразия универмаг Бөлме саны 1 Срок ұзақ мерзімге Баға 4000080000 Условия жақсы интернет тамақ жасайтын плита стиральный машина полноценный шкаф тб Квартираға кіру уақыты қыркүйек айы 7 7075680021,Уральск Квартира  Орал КВАРТИРА Аренда
66,2024-09-02T16:23:02,Квартирага бирге туруга 2 кыз издеймин АдресНалоговыйобластной касы Болме 3 Бага45мыннан коммуслуга ишинде Условиястиралкаваннабари бар Киру уакыты23кун ишинде 87073434618,Уральск Квартира  Орал КВАРТИРА Аренда
67,2024-09-02T12:48:42,Сдам 2х комнату квартиру в районе Сокол на длительный срок студентам девушкам номер телефона 87075582412,Уральск Квартира  Орал КВАРТИРА Аренда
68,2024-09-01T20:13:53,1 2 бөлмелі квартира керек ұзақ мерзімге Жалғыз ер баламын Жұмысымның қасынан зачаганск айналасынан Желательно Мөңкеұлы Жазира Бірліктен болса Бағасына 100 120 мың айналасында болса Үйдің жағдайына байланысты тағыда келісуге болады 87751670581,Уральск Квартира  Орал КВАРТИРА Аренда
69,2024-09-01T20:08:09,Квартира га бірге тұруға 1718 жастағы қыздар керек Мекенжай центр универмаг Бөлме саны1 Срок ұзақ мерзімге Баға25000 Условия евро ремонт шкафстиральный машина телевизор Квартирага кіру уақыты сентябрь айы 87773869031,Уральск Квартира  Орал КВАРТИРА Аренда
70,2024-09-01T20:06:12,Пединститут районынан 2 бөлмелі кварқыздар жіберіледі Айына 30000 комусл 87085120372,Уральск Квартира  Орал КВАРТИРА Аренда
71,2024-08-31T01:04:16,Нужна квартира на длительный срок Бізге 1 бөлмелі жағдайы бар стиралкадуш или ваннаквартира керек 3 бауырмыз2 кыз1 ұл баластудентпізЮбилярСаяхатКазахтелекомфилармонияпединститутбазар бола бередіі Бәріміз жұмыс жасаймызұқыптымыз 87713199912 ватсап телеграм,Уральск Квартира  Орал КВАРТИРА Аренда
72,2024-08-30T20:26:24,Нужна квартира на длительный срок или Подселение Мекенжай центр саяхат толстой зигзаг школьник евразиязачаганскмонкеулы Бөлме саны 1 Срок ұзақ мерзімге Баға 90000120000подселениемен болса 2030000 Условия жақсы интернет стиральный машина полноценный шкаф тб Квартираға кіру уақытысентябрь 77476073162,Уральск Квартира  Орал КВАРТИРА Аренда
73,2024-08-30T00:47:52,Квартира іздейміз немесе қастарына қыз алып жатқан қыздар болса Районзачеганскмонкеулымолодежка 2кызбыз артық қылығымыз жоқ студентпз 87711329678 любой время звондап жаза берыныздер ватсапта осы номерзвонокта осы номерТез арада кіріп кетеміз,Уральск Квартира  Орал КВАРТИРА Аренда
74,2024-08-29T23:16:10,Квартира га бірге тұруға 1кыз керек Мекенжай центр универмаг Бөлме саны1 Срок ұзақ мерзімге Баға25000 Условия евро ремонт шкафстиральный машина телевизор Квартирага кіру уақыты сентябрь айы 87773869031 осы номерге жазсаныздар срочна,Уральск Квартира  Орал КВАРТИРА Аренда
75,2024-08-28T12:35:54,Қасыма бірге тұруға 1қыз іздеймін Жаңа Орда 21 1ком квартира Барлық жағдай жасалған уй ремонтпен 6 этаж лифт барлығы бар 1 адамға 4550000 ға шығады ай сайынғы төлем Осы номерге званок или ватсап жазыңыз 87775646338,Уральск Квартира  Орал КВАРТИРА Аренда
76,2024-08-28T12:21:44,Подселение Мекенжай Хусаинова 1571 орталық мешіттің жанындаУнивермаг Бөлме саны 1 Срок ұзақ мерзімге Баға 1 комнатаға 3 қыз каждыйынан 50 мың теңге комуслуга ішінде Условия жақсы интернет тамақ жасайтын плита стиральный машина вайфай телевизор жаңадан ремонтталған тб Квартираға кіру уақыты Августь айы тек вацапқа жазыңыздар 7 775 275 9012,Уральск Квартира  Орал КВАРТИРА Аренда
77,2024-08-28T12:20:27,Қасымызға қыз іздейміз Адрес В центре города дом напротив универмага 3х комнатный Цена 200000 каждый кызга 50к дан келеды Условия все есть интернет стиральная машина утюг шкафы бари бар 8778 920 8388,Уральск Квартира  Орал КВАРТИРА Аренда
78,2024-08-28T10:56:39,Касымызга 2 кыз аламыз Мекенжай унтвермаг арты Болме саны 2 Багасы140к Условия жаксц таза ремонт бари бар 77073690688,Уральск Квартира  Орал КВАРТИРА Аренда
79,2024-08-28T10:55:58,Нужна квартира на длительный срок Жана орда 7 Узак мерзимге 30 мын примерно ком услугамен бирге подселениеге кыз керек Ремонт барлыгы жасалган по больше инфо ватсап номерге жазса 87718669189,Уральск Квартира  Орал КВАРТИРА Аренда
80,2024-08-27T16:21:33,Квартираға бірге тұруға 2 студент қыздар аламын Мекенжай остоновка Омега Нефтебаза автобус барлык журеди 73534649 Бөлме саны2 Срок Ұзақ мерзімге Баға 35 мың адам басына Условия Үйде бәрі бар Квартираға кіру Август 87058334225,Уральск Квартира  Орал КВАРТИРА Аренда
81,2024-08-27T01:23:29,Нужна квартира на длительный срок Квартираға 2 қыз керек Адрес Юбилярдың қасында 2х комнатная квартира 4 қыз болып тұрамыз Кіру уақыты 27 тамыздан бастап Жұмыс жасайтын таза қыздар керек 87761545427,Уральск Квартира  Орал КВАРТИРА Аренда
82,2024-08-26T11:55:51,Нужна квартира на длительный срок молодой паре Район6 мкр циолковского детская больница можно в центре еще НО НЕ ЗАЧАГАНСК Комнат1 или 2 комнатную кварииру Цена от 70до 100 В капртире чтоб не было тараканов и была стиралка плита интернет и шкаф 87714093179,Уральск Квартира  Орал КВАРТИРА Аренда
83,2024-08-26T11:31:05,Нужна квартира на длительный срок 2 3 комната 100110мын техникасы болғаны жақсы болар еді стиралка и шкаф обезательно августьтын 2830 на карай кыруге 87052736911,Уральск Квартира  Орал КВАРТИРА Аренда
84,2024-08-26T11:30:28,Нужна квартира на длительный срокПодселениеКвартира керек Мекенжай зачаганск Бөлме саны 1 Срок ұзақ мерзімге Баға 7000080000аралығында Условия жақсы интернет тамақ жасайтын плита стиральный машина полноценный шкаф тб Квартираға кіру уақытыАвгуст291 7 7712363867,Уральск Квартира  Орал КВАРТИРА Аренда
85,2024-08-26T07:32:05,Квартира керек и бірге тұратын студент қыздар болса Пединститут жактан болса желательно центрпугачева назарбаев налоговый 23 қыз болып турсак жаксы болар еді Бірге квартира іздеуге қыздар болса да жазыңыздар 87474921104,Уральск Квартира  Орал КВАРТИРА Аренда
86,2024-08-26T04:01:03,Нужна квартира на длительный срок Мекенжайзачаганскцентр Болме саны1 Срокұзақ мерзімге Баға5070000 Условиястиральный машинашкафкілемплитахолодельниктб Квартираға кіру уақыты2731тамыз арасы 7777 351 35 16,Уральск Квартира  Орал КВАРТИРА Аренда
87,2024-08-26T04:00:33,Нужна квартира на длительный срокПодселение Мекенжайцентрпугачевувдунивермагназарбаевналоговыйи д Бөлме саны12 срокұзақ мерзімге Баға70120подселениемен болса 2530к Условияплитастиральный машинапалноценный шкафтб Квартираға кіру уақыты2808 2қызбыз квартира табылса қасымызға қыз аламыз если подселение болса центрдан олда болады 7 778 915 54 68,Уральск Квартира  Орал КВАРТИРА Аренда
88,2024-08-25T18:35:12,Нужна квартира на длительный срок Мекенжайзачаганскцентр Болме саны1 Срокұзақ мерзімге Баға70100000 Условиястиральный машинашкафкілемплитахолодельниктб Квартираға кіру уақыты2731тамыз арасы 7777 351 35 16,Уральск Квартира  Орал КВАРТИРА Аренда
89,2024-08-25T13:43:05,Нужна квартира на длительный срок Мекенжай юбилейное ревалюция саяхат облисполком типография дк зенит школьник лев толстой магазин урал Бөлме саны 23 Баға 90000130000 подселениемен болса 2030000 Условия таза стиральный машина газ плита холодельник шкаф кілем Квартираға кіру уақыты 2530 тамыз арасы 87755053401,Уральск Квартира  Орал КВАРТИРА Аренда
90,2024-08-24T23:59:45,Нужна квартира на длительный срокПодселение Мекенжай центр саяхат толстой зигзаг школьник юбиляр евразия ид Бөлме саны 2 Срок ұзақ мерзімге Баға 90000120000подселениемен болса 2030000 Условия тамақ жасайтын плита стиральный машина полноценный шкаф тб Квартираға кіру уақыты Сентябрь айы 7 705 145 52 35,Уральск Квартира  Орал КВАРТИРА Аренда
91,2024-08-24T16:33:30,Нужна квартира на длительный срокПодселение Мекенжай универмаг центр саяхат толстой зигзаг школьник революция юбиляр евразия ид Бөлме саны 1 Срок ұзақ мерзімге Баға 90000100000 подселениемен болса 2030000 Условия жақсы интернет тамақ жасайтын плита стиральный машина полноценный шкаф тб Квартираға кіру уақыты 2627 август 7 776 054 62 85,Уральск Квартира  Орал КВАРТИРА Аренда
92,2024-08-23T20:00:16,Мекенжай универмаг айналасы болса мешітке жақын жерден Бөлме саны 12 бөлме Мерзімі Ұзақ мерзімге Баға 80110к арасы Условия жақсы таза үй керек барлық керек жабдықтарымен Квартираға кіру уақыты 4 сентябрь 34 баламыз студент намазхан балдармыз квартира таза ұстаймыз намаз таза жерде оқу керек өзіміз үшін Шуламаймыз Жалоб еш түспепті 87770656261,Уральск Квартира  Орал КВАРТИРА Аренда
93,2024-08-23T10:54:24,Ищу девушек на подселение АдресКурмангазы 173 2комн квартира Ценаобщ 120к Условияуютная квартира с ремонтомбалконбытовая техника Время заезда2526 августа 87470729805,Уральск Квартира  Орал КВАРТИРА Аренда
94,2024-08-22T16:05:40,Нужна квартира на длительный срокПодселение Мекенжай центр жактан диана универмаг школьник революция юбиляр евразия и тд Бөлме саны 3 Срок ұзақ мерзімге Баға 120160мын Условия было бы хорошо если полностью меблирована хороший интернет Квартираға кіру уақыты августын соны 7 775 745 0725,Уральск Квартира  Орал КВАРТИРА Аренда
95,2024-08-22T01:22:09,Нужна квартира на длительный срок 3 қыз Мекенжай центральный рынок монкеулы ахмедияр батыр Бөлме саны12 СрокҰзақ мерзімге Баға6500080000 Условиятамақ жасайтын плитастиральный машинаполноценный шкаф тб Квартираға кіру уақыты12 сентябрьде 77753886073,Уральск Квартира  Орал КВАРТИРА Аренда
96,2024-08-21T19:16:15,Нужна квартира на длительный срок Бөлме саны2 Тұру мерзімі ұзақ мерзімге Баға100мың Условия стиралка шкаф тб Квартирага кіру уакыты 2425 тамыздан бастап 87769738872,Уральск Квартира  Орал КВАРТИРА Аренда
97,2024-08-21T15:49:13,Нужна квартира на длительный срокПодселение 3 қызға Мекенжай зачаганскшкольник абая Бөлме саны 1 Срок ұзақ мерзімге Баға 90000120к Условия жақсы интернет тамақ жасайтын плита стиральный машина полноценный шкаф тб Квартираға кіру уақыты сентьябр 7 7054142928,Уральск Квартира  Орал КВАРТИРА Аренда
98,2024-08-20T22:11:46,Нужна квартира на длительный срок Ұзақ мерзімге квартира керек Мекен жайын схи монкеулы зачаганск центр бөлме саны 1 срок ұзақ мерзімге Баға 60100к 3 қызға условия жақсы тамак жасайтын плита душ стиральный машина шкаф палас тб квартирға кіру уақыты сентябрь 87076533738,Уральск Квартира  Орал КВАРТИРА Аренда
99,2024-08-19T21:23:12,Нужна квартира на длительный срок Ұзақ мерзімге квартира керек Мекенжай Саяхат 1 комнатный 100мыңға болса 87752130699 вацапқа жазамыз,Уральск Квартира  Орал КВАРТИРА Аренда
100,2024-08-19T21:20:52,Квартира керек 2 қызбыз Мекежай центр жақтан Бөлме саны 2 Условия керек заттын бәрі болса және таза болса Кіру уақыты 1 сентябрь 87021270822,Уральск Квартира  Орал КВАРТИРА Аренда
101,2024-08-19T21:20:28,Подселениеге қыздар керек2 қыз керек Мекенжай зигзаг районы остановка Лев Толстой Льва Толстого 91 Бөлме саны 2 Срок ұзақ мерзімге Баға 33750 1адамға ком услугивайфай ішінде Условия жақсы интернет тамақ жасайтын газ стиральный машина полноценный шкаф тб Квартираға кіру уақыты срочно 34 күнде 7 776 913 16 21,Уральск Квартира  Орал КВАРТИРА Аренда
102,2024-08-19T15:07:07,Квартир керек срочно Зачаганск жақтан болса семейный без дети условиясы жақсы болса7080 шамасында 87053345906,Уральск Квартира  Орал КВАРТИРА Аренда
103,2024-08-19T12:04:53,Ұзақ мерзімге 2қызға кв керек МекенжайМонке молодежка жазира Бөлме саны1 Бағасы5060к баска бағаларда болады Условияыстық сустиральный машина шкаф айна 87022357605,Уральск Квартира  Орал КВАРТИРА Аренда
104,2024-08-19T12:04:19,Қасыма 1 қыз іздеймін РайонЗачаганскЖер үй 2 комнатМонша баробщая сумма 40 мың 87714085175,Уральск Квартира  Орал КВАРТИРА Аренда
105,2024-08-17T21:34:13,Нужна квартира на длительный срокПодселение Мекенжай центр саяхат школьник революция юбиляр евразия ид Бөлме саны 1 Срок ұзақ мерзімге Баға 500006000070000 Условия жақсы интернет тамақ жасайтын плита стиральный машина Квартираға кіру уақыты Август 87472297824,Уральск Квартира  Орал КВАРТИРА Аренда
106,2024-08-17T11:42:14,Нужна квартира на длительный срок 6070к шамасында 2 адамбыз Осы айдын 20 сына дейн болса жаксы болар еді 87769738872,Уральск Квартира  Орал КВАРТИРА Аренда
107,2024-08-17T09:33:20,Нужна девушка с Подселением Подселениемен тұруға 1қыз керек Мекенжай центр 8 школа Бөлме саны 2 Срок ұзақ мерзімге Баға 40мың Условия жақсы интернет стМашина бәрі бар керек заттың Квартираға кіру ақыты 17 тамыздан бастап 7 747 376 91 16,Уральск Квартира  Орал КВАРТИРА Аренда
108,2024-08-16T20:25:18,Нужна квартира на длительный срок4 ер бала Мекенжай центральный рынок Бөлме саны12 СрокҰзақ мерзімге Баға5000080000 УсловияЖақсы интернеттамақ жасайтын плитастиральный машинаполноценный шкаф тб Квартираға кіру уақыты2930август 77057661423,Уральск Квартира  Орал КВАРТИРА Аренда
109,2024-08-16T20:15:45,Нужна квартира на длительный срокағалы інілі 2бала МекенжайЗачаганск Бөлме саны1 СрокҰзақ мерзімге Баға6000080000 УсловияЖақсы интернеттамақ жасайтын плитастиральный машинаполноценный шкаф тб Квартираға кіру уақыты2930август 77769469888,Уральск Квартира  Орал КВАРТИРА Аренда
110,2024-08-16T19:50:28,Квартира на длительный срокПодселение Ер балдар қажет Мекенжай Мед колледж Бөлме саны 1 Срок ұзақ мерзімге Баға75000 Условия жақсы стиральный машина полноценный шкаф тб Квартираға кіру уақыты Сентябрь 7 771 032 9056,Уральск Квартира  Орал КВАРТИРА Аренда
111,2024-08-15T23:22:42,Нужна квартира на длительный срок Мекенжайдетсад ремзавод Болме саны1 комн СрокУзак мерзимге Бага7080 Условияорташа Стирмашинашкаф для одежды 87052135694,Уральск Квартира  Орал КВАРТИРА Аренда
112,2024-08-15T22:14:41,Нужна квартира на длительный срок МекенжайУнивермаг Жазира Пугачева тб Срок Ұзақ мерзімге Бөлме саны 2 Айына кісі басына 30к Условия Шкафмебель стиралка болса Біз 3 адамбыз артық әдеттіміз жоқ жұмыс жасаймызтазалықты ұстанамыз 77711245233,Уральск Квартира  Орал КВАРТИРА Аренда
113,2024-08-15T16:03:51,Ищу девушку на подселение бесплатно по всем вопросам обращайтесь по телефону 77079221658,Уральск Квартира  Орал КВАРТИРА Аренда
114,2024-08-14T17:20:48,Нужна квартира на длительный срок Мекен жай ЖД вокзал сокол маг орал Бөлме саны1 Срок ұзақ мерзімге Баға7080000 Условия жақсы 3 балалы анамын артық қылығым жоқ балаларым мектепке балабақшаға барады Үйді таза ұстаймын 87772126608,Уральск Квартира  Орал КВАРТИРА Аренда
115,2024-08-14T17:06:45,Подселение бірге тұру Бірге тұруға 2 қыз керек Адрес евразия Бөлме саны2 Условия бәрі бар үй таза Айына 30к ком слуг ішіне кіреді Кіру уақыты 1 сентябрь 87021270822,Уральск Квартира  Орал КВАРТИРА Аренда
116,2024-08-14T16:40:24,Нужна квартира на длительный срокподселениеге де болады МекенжайОрталықтан болса Универмаг Саяхат и тб Срок Ұзақ мерзімге Условия Шкафмебель стиралка болса Біз 2қызбыз артық әдеттіміз жоқ жұмыс жасаймызтазалықты ұстанамыз 77472874324,Уральск Квартира  Орал КВАРТИРА Аренда
117,2024-08-13T21:20:05,Нужна квартира на длительный срок Мекенжай Жана орда ЖугулиАстана 679 микр Бөлме саны 12 Қыздармен бірге тұруғаАртық қылықтары жоқ Өзім жұмыс жасаим операционный блокта5уақыт намаз оқим Срок ұзақ мерзімге Баға 2500030000 Условия жақсы интернет тамақ жасайтын плита стиральный машина тб Квартираға кіру уақыты Тамыз айы можно айдың аяғында 7 707 347 98 41,Уральск Квартира  Орал КВАРТИРА Аренда
118,2024-08-13T12:58:50,Квартираға 3қыз керек Район тюленина Бөлме саны 3 Срок ұзақ мерзімге Баға 24000 ком усл Условия стиральный машина холодельник полноценный шкаф кондер телевизор посуда Квартираға кіру уақыты 1516бастап 7 777 567 81 56,Уральск Квартира  Орал КВАРТИРА Аренда
119,2024-08-12T21:55:20,Нужна квартира на длительный срок Мекенжай Жигули Циолковский Бөлме саны 1 Срок ұзақ мерзімге Баға 6000070000 Условия тамақ жасайтын плита ванна стиральный машина тб Квартираға кіру уақыты Тамыз айы 7 777 364 99 08,Уральск Квартира  Орал КВАРТИРА Аренда
120,2024-08-12T19:28:45,Подселениебірге тұру Нужна девушка на подселение Адрес Сити центр Бөлме саны 2 Условия бари бар кондиционер стиралка душ айына 40ком услуга Озимиз 2 кызбыз 87714207942,Уральск Квартира  Орал КВАРТИРА Аренда
121,2024-08-11T21:27:01,Нужна квартира на длительный срок 3 қызбыз Мекенжай Орталық жақ Кирова школьник саяхат Бөлме саны 1 Срок ұзақ мерзімге Условиясы жақсы болсаа Кіретін уақыты августтың соңы 77757850018,Уральск Квартира  Орал КВАРТИРА Аренда
122,2024-08-11T14:50:04,Нужна квартира на длительный срок Қыркүйек айынан бастап жалдауға қала ішінен үй издеп жатырмыз 6 қызбыз Понедельник барып қарап кете аламын 77718274728,Уральск Квартира  Орал КВАРТИРА Аренда
123,2024-08-11T14:34:23,Нужна квартира на длительный срок немесе бірге тұруға кв іздейміз МекенжайОрталықтан болса Универмаг Саяхат и тб Срок Ұзақ мерзімге Айына кісі басына 30к Условия Шкафмебель стиралка болса Біз 2қызбыз артық әдеттіміз жоқ жұмыс жасаймызтазалықты ұстанамыз 77053900721,Уральск Квартира  Орал КВАРТИРА Аренда
124,2024-08-11T14:22:12,Подселениебірге тұру Бирге туруга 2 кыз керек АдресЖана орда 1 ком Уайфай кондерстиралкашкафХолодильник бари бар Айына 30мын ком усл Киретин уакыты август 2023 дейн 87713758292,Уральск Квартира  Орал КВАРТИРА Аренда
125,2024-08-11T00:44:03,Нужна квартира на длительный срокҰзақ мерзімге квартира керек Мекенжай центр молодежка Бөлме саны 1 Срок ұзақ мерзімге Баға 6000070000 Условия іші таза холодильник шкаф жақсы интернет тамақ жасайтын плита стиральный машина душ тб Квартираға кіру уақыты Августтың аяғына дейін қа жазарсыздар 77714093011,Уральск Квартира  Орал КВАРТИРА Аренда
127,2024-08-10T15:59:34,Нужна квартира на длительный срок Мекенжай даринск Бөлме саны 12 Срок ұзақ мерзімге Баға 5000060000 Условия жақсы интернет тамақ жасайтын плита стиральный машина тб Квартираға кіру уақыты любой уакыт 7 7073403359,Уральск Квартира  Орал КВАРТИРА Аренда
128,2024-08-10T15:58:28,Нужна квартира на длительный срок Квартира керек 2қызбыз Мекенжайзачаганск20шкжазираили центр Бөлме саны2 СрокҰзақ мерзімге Условиявайфайстральная машинашкаф Кіру уақытысентябрь басы 87752358400,Уральск Квартира  Орал КВАРТИРА Аренда
129,2024-08-10T14:24:59,Нужна квартира на длительный срок Мекенжай ДоссафЖигули арасы Бөлме саны 23 Срок ұзақ мерзімге Баға 80000100000 Условия жақсы интернет тамақ жасайтын плита стиральный машина полноценный шкаф тб Квартираға кіру уақыты Август айы 87077280990,Уральск Квартира  Орал КВАРТИРА Аренда
130,2024-08-09T22:39:06,Подселениебірге тұру Қасымызға қыз керек ұзақ мерзімге бірге жүріпсырласып қасымызда болатын былайша құрбы болатын Кв толстой жақта Айна 95К ком услуг ішіне кіреді 77782753598,Уральск Квартира  Орал КВАРТИРА Аренда
131,2024-08-09T20:26:15,Нужна квартира на длительный срок Мекенжай Зачагансктан Жазира 20 школа Бирлик Монкеулы Бөлме саны 1 Срок ұзақ мерзімге Баға 7000080000 Условия тамақ жасайтын плита стиральный машина душванна тб Квартираға кіру уақыты осы айда 7 747 571 31 01,Уральск Квартира  Орал КВАРТИРА Аренда
132,2024-08-09T18:47:48,Подселениебірге тұру Қасымызға қыз керекбірге тұрып сырласатын Үйді өзім көрмедім әлі бірақ ертең барып көргелі жатырмын анаммен Қасымда жан құрбым бар тағы құрбым болғын келсе жазДом толстой жақта педта оқиытын қыз болса жақсы болушы едіАртық бір қылығы жоқсабырлы қыз бала болса 87761943414,Уральск Квартира  Орал КВАРТИРА Аренда
133,2024-08-09T18:45:53,Квартираға тұратын 1 қыз керек Тек өзім 2 қыз болып тұрамыз Бөлме саны1 Квартира бағасы30 0001 адамғаком услуга Квартираға кіру уақыты31 август Районжигули 77769150058,Уральск Квартира  Орал КВАРТИРА Аренда
134,2024-08-09T16:04:09,Квартира керек ұзақ мерзімге 2адамбызағам екеуміз Мекенжай пединститут Кировашкольникпединститутка жакын болса болды Бөлме саны1 Кв керекКасымызга адам ештене керек емес Баға6070000болса Условияжаксы болса 87474921104,Уральск Квартира  Орал КВАРТИРА Аренда
135,2024-08-09T13:57:10,Бірге квартира іздеп тұратын қыздар керек Мекенжайсаяхатунивермагевразияюбиляршкольникбазар Желательно пединститутта оқитынчистоплотнаябез вредных привычек Квартиға кіру уақыты31 август 77769150058,Уральск Квартира  Орал КВАРТИРА Аренда
136,2024-08-09T13:52:12,Квартираға бірге тұруға 2 студент қыздар аламын Мекенжай остоновка Омега Нефтебаза автобус барлык журеди 73534649 Бөлме саны2 Срок Ұзақ мерзімге Баға 35 мың адам басына Условия Үйде бәрі бар Квартираға кіру Август 87058334225 ватсапқа жазамыз,Уральск Квартира  Орал КВАРТИРА Аренда
137,2024-08-08T17:10:55,Нужна квартира на длительный срок студентам Мекенжай центр саяхат толстой зигзаг школьник революция юбиляр евразия центр Бөлме саны 1 Срок ұзақ мерзімге Баға 8090000 Условия мебельмен чистый Квартираға кіру уақыты 1 сентябрь 7 775 147 73 57,Уральск Квартира  Орал КВАРТИРА Аренда
138,2024-08-08T14:57:19,Екі қызбыз қастарына қыз іздеп жатырғандар болса Мекенжай центр саяхат школьник революция юбиляр евразия и тд Бөлме саны 2 Срок ұзақ мерзімге Баға подселениемен болса 2030000 Условия стиральный машина полноценный шкаф кондер Квартираға кіру уақыты 16август 7 777 567 81 56,Уральск Квартира  Орал КВАРТИРА Аренда
139,2024-08-06T20:19:07,Квартираға қыздар керек Пединститутта оқитын 2 қызды аламыз Мекенжай Аманжолова 491 Пединститут артында Бөлме саны2 Бағасы 25 к комусг Артық әдеттері жоқ таза ұқыпты қыздар керек Толық ақпарат87076537807,Уральск Квартира  Орал КВАРТИРА Аренда
140,2024-08-06T17:06:24,Квартирага 1 кыз керек адрес Универмаг касында 2х комнатная квартира 3 кыз болып турамыз 30к комуслуги тосек орын посуда бари бар бугинертеннен бастап киресыз жумыс жасайтын таза кыз керек ватсапка жазыныздар 8776 917 14 21,Уральск Квартира  Орал КВАРТИРА Аренда
141,2024-08-06T15:19:21,Квартира керек Мекенжай Медколледж немесе Молодежка Бөлме 1 Срок ұзақ мерзімге Баға 2025к Общий баға 40 2 қызбыз Условия Холодильник Стиральная машина Квартира кіру уақыты Августтың соңы немесе Сентябрь басы 77711327094 7 771 484 2315,Уральск Квартира  Орал КВАРТИРА Аренда
142,2024-08-06T10:36:43,ЗачаганскМункеулы 70А районынан 2 бөлмелі квартираға 2қыз қажетАйына 30мың тгОбщий 5қыз тұрадыБарлық жағдай жасалғанТолық ақпарат 87767699348,Уральск Квартира  Орал КВАРТИРА Аренда
143,2024-08-06T02:58:36,Квартира керек Мекенжай Универмаг Абая Мухита жандарынан керек еді Срок узак мерзімге Бага 110120к 2 қызбыз Условия стиральный машина интернет кондер т б Квартира кіру уакыты августтын 1718күндері 87781508489 номер,Уральск Квартира  Орал КВАРТИРА Аренда
144,2024-08-04T20:28:18,Квартира керек Мекенжай Саяхат Ахмедияр юбиляр Срок ұзақ мерзімге Баға 2025к 1 қызбын Условия стиральный машина интернет кондер т б Квартира кіру уақыты августтың соңы не сентябрь басы 87769668994 ватсап номер,Уральск Квартира  Орал КВАРТИРА Аренда
145,2024-08-03T13:52:31,Квартираға 1 қыз керек МекенжайДепо Бөлме саны1 Срокұзақ мерзімге Баға55000 Квартираға кіру уақытыкіре беруге болады 87055432292,Уральск Квартира  Орал КВАРТИРА Аренда
146,2024-08-02T17:33:23,Сдам 2комн кв в районе Сокол на длительный срок обращаться по номеру 87075582412,Уральск Квартира  Орал КВАРТИРА Аренда
147,2024-08-01T13:34:13,квартирага 1 кыз керек адрес Универмаг касында 2х комнатная квартира 3 кыз болып турамыз 30к комуслуги тосек орын посуда бари бар бугинертеннен бастап киресыз жумыс жасайтын таза кыз керек ватсапка жазыныздар 8776 917 14 21,Уральск Квартира  Орал КВАРТИРА Аренда
148,2024-08-01T03:01:16,Квартира керек 2 адамға Мекенжай Медколледж монкеулы зачаганск Срок ұзақ мерзімге Баға 4000055000 Бөлме саны1 Условия жақсы болса Квартира кіру уақыты август Номер 87474921104,Уральск Квартира  Орал КВАРТИРА Аренда
149,2024-07-30T18:10:06,Квартира помесячно мкр Библиотека 4комн квартира 100 м 6 этаж Сдам квартиру для девушек Удобства стиральная машина кондиционер кладовая холодильник телевизор интернет пылесос 25000 месяц ком услуги 7 7760212394,Уральск Квартира  Орал КВАРТИРА Аренда
150,2024-07-30T12:56:00,Пединститут районынан 2 бөлмелі квартира қыздарға жалға жіберіледі Айына 30000 комусл 87085120372,Уральск Квартира  Орал КВАРТИРА Аренда
151,2024-07-29T17:35:26,Нужна квартира на длительный срок Мекенжай сити центр казииту Бөлме саны 12 Срок ұзақ мерзімге Баға 8000090000 Условия жақсы интернет тамақ жасайтын плита стиральный машина тб Квартираға кіру уақыты август 7 7073690688,Уральск Квартира  Орал КВАРТИРА Аренда
152,2024-07-29T15:41:39,СрочноКвартира керек бір қызғақыздармен бірге тұруға МекенжайШестой микрорайонға жақтанили шестойға жақын любой районнаң керек Бөлме саныне важно Баға2025 Квартираға кіру уақытыЕртең Номер87078541336,Уральск Квартира  Орал КВАРТИРА Аренда
153,2024-07-28T18:35:36,Квартираға 1 студент қыз керек Мекенжай ост Медколледж мкр Арман Бөлме саны1 комната Срок ұзақ мерзімге Баға общ 100000 Адам басына 25000 Условия туалет ванна салқын ыссы су газ плита бар тб Квартираға кіру уақыт Август Номер 87055518420,Уральск Квартира  Орал КВАРТИРА Аренда
154,2024-07-28T17:22:40,Нужна квартира на длительный срок МекенжайСаяхат ЮбилярМрнкеулы Срок ұзақ мерзімге Условиятамақ жасайтын плита стиральный машина тб Квартираға кіру уақытыҚыркүйек айы 7 7054640207,Уральск Квартира  Орал КВАРТИРА Аренда
155,2024-07-28T10:51:09,Бирге туруга кыз издеймиз Мекен жайы Монкеулы Назель жанында Болме саны 2 Срок Узак мерзимге Багасы 33000 Условия новый квартира мебель шкаф диван микроволновка автомат стиралка тб бар 28 июльден бастап кируге болады 77715475155,Уральск Квартира  Орал КВАРТИРА Аренда
156,2024-07-25T15:47:13,Квартираға бірге тұруға 2 студент немесе жұмыс жасайтын қыздар керек Мекенжай остоновка Омега нефтебаза Бөлме саны2 Срок Ұзақ мерзімге Баға 40 мың адам басына Условия Үйде бәрі бар Квартираға кіру Август Номер 87058334225 ватсапқа жазамыз,Уральск Квартира  Орал КВАРТИРА Аренда
157,2024-07-24T14:30:22,Квартираға 1 студент қыз керек Мекенжай ост Медколледж мкр Арман Бөлме саны1 комната Срок ұзақ мерзімге Баға 100000 Условия туалет ванна салқын ыссы су газ плита бар тб Квартираға кіру уақыт Август Номер 87713772689,Уральск Квартира  Орал КВАРТИРА Аренда
158,2024-07-23T23:28:44,Нужна квартира либо частный дом на длительный срок Район3 школаостановка Саяхатпарк Кирова Срокдлительный Цена5000060000 Телефон87714028161,Уральск Квартира  Орал КВАРТИРА Аренда
159,2024-07-23T18:50:37,Подселениеге 3 қыз керек Адрес Универмаг карсы дос Бөлме2 Срок1айға Баға Адам басына 31мың комуслуг ішінде Условия үйде бәрі бар Квартира кіру уақыты 070824 87056619456 ватсап,Уральск Квартира  Орал КВАРТИРА Аренда
160,2024-07-23T03:39:48,Нужна квартира на длительный срок Мекенжай зачаганскмонкеулы бірлік и тд Бөлме саны 1 Срок ұзақ мерзімге Баға 8000090000 Условия жақсы тамақ жасайтын плита стиральный машина тб Квартираға кіру уақыты Тамыз айы 7 747 680 26 17,Уральск Квартира  Орал КВАРТИРА Аренда
161,2024-07-21T01:49:39,Нужна однокомнатная квартира на долгий срок 8090к в центре города или в районе пед института 87775036056,Уральск Квартира  Орал КВАРТИРА Аренда
162,2024-07-17T21:39:00,Бирге туруга кыз издеймиз Мекен жайы Монкеулы Назель жанында Болме саны 2 Срок Узак мерзимге Багасы 33000 Условия новый квартира мебель шкаф диван микроволновка автомат стиралка тб бар Август аягына таман бастап кируге болады 77715475155,Уральск Квартира  Орал КВАРТИРА Аренда
163,2024-07-17T09:01:19,Сдам 2 комнатную квартиру на длительный срок Район Элегант Торговые центры супермаркеты парки в пешой доступностиВсе удобства для комфортного проживания150 ком Обращаться по тел 87770612452 Жадра,Уральск Квартира  Орал КВАРТИРА Аренда
164,2024-07-14T18:56:01,Квартирага 2 қыз керек Адрес Юбилярдың касында 2х комнатная квартира 4 қыз болып тұрамыз 25 июльден бастап кіреміз Жұмыс жасайтынтаза қыздар керек 87052453875,Уральск Квартира  Орал КВАРТИРА Аренда
165,2024-07-14T17:41:54,Подселениеквартираға орталықтан болса Подселениеге барамынбюджет 1525к аралығы Орал қаласына 18і күні таңертең барам Кір жуатын машина кондиционерсушилкаүтік вайфайегер мүмкін болса Тек өзім барамын мүмкін болса қыздармен болса тек квартира Ватсап номерге жаза қойыңыз 87718274728,Уральск Квартира  Орал КВАРТИРА Аренда
166,2024-07-12T00:32:14,Ищу квартиру 1 комнатную Для одного человека Район 46 мкр или по улице Абая До 100000 тг На длительный срок Со всеми удобствами Своевременная оплата Либо комнату на 23 месяца Для одного человека О себе девушка без вп постоянная работа имеется 87784676747,Уральск Квартира  Орал КВАРТИРА Аренда
167,2024-07-10T22:30:34,Ищу девочек на совместное проживание без вредных привычек Район ОмегаНефтебаза 2х комнатная По номеру8 777 988 1637,Уральск Квартира  Орал КВАРТИРА Аренда
168,2024-07-10T22:30:08,ищем парочек мальчик и девушка для совместного проживание на месяц август 2х комнатная квартира помесячно на человека 45к ком услуга внутри в центре города 87054863614,Уральск Квартира  Орал КВАРТИРА Аренда
169,2024-07-10T13:03:11,Нужна девушка на подселение мекенжайырайон Пугачева Болме саны 2 бага20 000 условияжаксы ремонтжалгыз турамынбукыл условия жасалган квартирага киру уакытыбугын де болады 77051493475,Уральск Квартира  Орал КВАРТИРА Аренда
170,2024-07-09T18:30:09,квартирага 1 кыз керек адрес Универмаг касында 2х комнатная квартира 3 кыз болып турамыз 30к комуслуги тосек орын посуда бари бар 1 июльден бастап киресыз жумыс жасайтын таза кыз керек ватсапка жазыныздар 8776 917 14 21,Уральск Квартира  Орал КВАРТИРА Аренда
171,2024-07-08T15:30:54,Нужна квартира на 10 дней Телефон 87071339835,Уральск Квартира  Орал КВАРТИРА Аренда
172,2024-07-07T16:58:46,Нужно квартира женщинас 4 детьми в пределах 7080тыс район не важен Срочно писать на номер 77051493475,Уральск Квартира  Орал КВАРТИРА Аренда
173,2024-07-06T14:38:22,Нужна квартира на длительный срок Мекенжай пугачова Саяахат Сити центр Бөлме саны 12 Срок ұзақ мерзімге Баға 8000090000 Условия жақсы интернет тамақ жасайтын плита стиральный машина тб Квартираға кіру уақыты Тамыз айы 7 7083505229,Уральск Квартира  Орал КВАРТИРА Аренда
174,2024-07-04T16:07:17,Подселениебірге тұру Бірге тұратын квартира керек 2 қызбыз Мекенжай центр или шестойдан Бағасы 20мыңға Бүгіннен көшіп баратн 87052174929,Уральск Квартира  Орал КВАРТИРА Аренда
175,2024-07-04T14:34:29,Нужна квартира на длительный срок Мекенжай Саяхат Гагарин Бөлме саны 12 Срок ұзақ мерзімге Бағасы 5000070000 Условия жақсы интернетстриалный машина тамак жасамайтын плита тб Адам саны 1 Квартираға кір уақыты Шілде 15072024 87053680725 ватсап номер,Уральск Квартира  Орал КВАРТИРА Аренда
176,2024-07-04T13:43:55,Ищу девушек на подселение Платежеспособных чистоплотных ответственных Квартира 2х комнатная меблированнаяпосуды и все необходимое имеются Адрес Тайманова 127 Пишите по номеру 87471308117,Уральск Квартира  Орал КВАРТИРА Аренда
177,2024-07-02T16:00:16,Подселениебірге тұру ер бала Мекенжай 6 мкр жақтар или центр жақтар Бөлме саны 12 Срок ұзақ мерзімге Баға 3000040000 Условия плита стр машина вся быт техника Квартира кіру уақыты шілде айы ортасы 7 777 503 6056,Уральск Квартира  Орал КВАРТИРА Аренда
178,2024-07-02T14:13:00,Нужна квартира на длителтрый срок Мекенжайыцентр желательно Болме саны12 Багасы6070мын Семейным Условия жаксы болса болды Телевизор Кир жуатын машина Тамак жасайтын плита Квартирага киру уакыты 34 кун Тел Ном 87711899459,Уральск Квартира  Орал КВАРТИРА Аренда
179,2024-06-30T14:47:49,Нужна квартира на длительный срок Мекенжай Деркул Сарытау Бөлме саны 12 Срок ұзақ мерзімге Баға 3040000 мыңға деиін Условия жақсы интернет тамақ жасайтын плита стиральный машина тб Квартираға кіру уақыты 23 күн 77057261049 ватцап жазарсыздар,Уральск Квартира  Орал КВАРТИРА Аренда
180,2024-06-30T14:18:03,Нужна квартира на длительный срок Мекенжай центрдан желательно школьник сити Бөлме саны 12 Срок ұзақ мерзімне Баға 6080 Условия таза болса болды ватсап 77758427907,Уральск Квартира  Орал КВАРТИРА Аренда
181,2024-06-28T10:15:25,Нужна квартира или дом на длительный срок По адресу Желательно ближе Циолковского Количества комнат от 2х 3х Срок На длительный срок Цена 8090 Условия можно без мебели До 10го числа своевременная оплата семейным с 2мя детьми 8 7 778 410 5213,Уральск Квартира  Орал КВАРТИРА Аренда
182,2024-06-28T01:06:34,Продам квартиру Адрес 4 мкр 3 х комн 2х этажный Год постройки 2016г 1716 кв автономное отопление 3 балкона Цена 40 Рядом остановка садики школы рестораны шиномонтажки супермаркеты магазины аптеки 87082862665 87777997706,Уральск Квартира  Орал КВАРТИРА Аренда
183,2024-06-27T22:44:31,Нужна квартира на длительный срок Мекенжай район тэц 22 школа 8 школа детсад бөлме саны 1 срок ұзақ мерзімге баға 4000060000 Условия стиральная машина душхолодильниктелевизор тб Квартираға кіру уақыты Июнь 110 аралығында Алдияр 87718610948,Уральск Квартира  Орал КВАРТИРА Аренда
184,2024-06-27T13:33:03,Квартирага 1 кыз керек адрес Универмаг касында 2х комнатная квартира 3 кыз болып турамыз 30к комуслуги тосек орын посуда бари бар 1 июльден бастап киресыз жумыс жасайтын таза кыз керек ватсапка жазыныздар 8776 917 14 21,Уральск Квартира  Орал КВАРТИРА Аренда
185,2024-06-27T13:13:09,Нужны девушки на подселение Мекенжай Библиотека Бөлме саны 2 Срок ұзақ мерзімге Баға 25мыңкомуслуга Условия бәрі бар Квартираға кіру уақыты июль айы 7 776 021 23 94,Уральск Квартира  Орал КВАРТИРА Аренда
186,2024-06-27T13:11:35,Нужна квартира на длительный срок Мекенжай 10мкрн Бөлме саны 12 Срок ұзақ мерзімге Баға 5000070000 Условия жақсы тамақ жасайтын плита стиральный машина тб Квартираға кіру уақыты Шілде Тамыз айы 7 7769002323,Уральск Квартира  Орал КВАРТИРА Аренда
187,2024-06-27T02:59:33,Нужна квартира на длительный срокПодселение Мекенжай центр саяхат толстой зигзаг школьник революция юбиляр евразия ид Бөлме саны 2 Срок ұзақ мерзімге Баға 90000120000подселениемен болса 2030000 Условия жақсы интернет тамақ жасайтын плита стиральный машина полноценный шкаф тб Квартираға кіру уақыты Июль айы 7 702 154 86 77,Уральск Квартира  Орал КВАРТИРА Аренда
188,2024-06-27T02:49:43,ПодселениеБірге тұру Қасыма 1қыз іздеймін Район 8 марта 129 2 комнатный Телефон номер 87755053401 Оплата 20к ком услуг,Уральск Квартира  Орал КВАРТИРА Аренда
189,2024-06-18T15:08:30,ПодселениеБірге тұру 1қыз Квартира керек центр жақтан қасына қосылуға да болады 2025к ватсап 87769668994,Уральск Квартира  Орал КВАРТИРА Аренда
190,2024-06-16T23:24:36,Нужна квартира на длительный срок Мекенжай 6 поликлиника 47 мектеп 10мектеп Бөлме саны 12 Баға8000090000 Условия жақсы интернет тамақ жасайтын плита стиральный машина тб Квартираға кіру уақыты Шілде айы Тел 87757291757,Уральск Квартира  Орал КВАРТИРА Аренда
191,2024-06-16T23:24:23,Нужна квартира на длительный срок Квартира керек маған Мекенжай 6 поликлиника 47 мектеп 10мектеп Бөлме саны 12 Срок ұзақ мерзімге Баға 8000090000 Условия жақсы интернет тамақ жасайтын плита стиральный машина тб Квартираға кіру уақыты Тамыз айы 7 747 428 38 80,Уральск Квартира  Орал КВАРТИРА Аренда
192,2024-06-16T00:10:52,Нужна квартира на длительный срок 2х комнатная квартира надо на долгий срок Максимум на 100000тсч 77470663642,Уральск Квартира  Орал КВАРТИРА Аренда
193,2024-06-15T16:53:35,Нужна квартира на длительный срок Мекенжай6 поликлиника47мектеп медколледж Бөлме саны 1 Срокұзақ мерзімге Баға7000080000 Условиястиральный машина Квартира кіру уақыты шілде айы Номер87775971536,Уральск Квартира  Орал КВАРТИРА Аренда
194,2024-06-14T19:56:48,Нужна квартира на длительный срок Мекенжай универмаг магазин Орал дианашкольник юбилейный Бөлме саны 2 Срок ұзақ мерзімге Баға 8000090000 Условия жақсы интернет тамақ жасайтын плита стиральный машина кондиционер тб Квартираға кіру уақыты 23 кунде 7 7058118303,Уральск Квартира  Орал КВАРТИРА Аренда
195,2024-06-14T12:36:11,Нужна квартира на длительный срок Мекенжай 6 мкрили универмаг Бөлме саны 1 Срок ұзақ мерзімге Баға 4000045000 Условия тамақ жасайтын плита стиральный машина тб Квартираға кіру уақыты июнь 24 7 7474415806,Уральск Квартира  Орал КВАРТИРА Аренда
196,2024-06-13T20:38:32,Квартираға 1 қыз керек МекенжайЗачаганск монкеұлы Жұмыс жасайтын немесе студент қыз бала керек Тазаұқыпты болса болды 77058837601,Уральск Квартира  Орал КВАРТИРА Аренда
197,2024-06-12T01:41:50,1 аптаға жалданатын 2 комнаталық кв керек Немесе 56 күнге 87753753154,Уральск Квартира  Орал КВАРТИРА Аренда
198,2024-06-11T00:35:25,Нужна квартира на длительный срок Мекенжай 6 поликлиника 47 мектеп 10мектеп Бөлме саны 12 Срок ұзақ мерзімге Баға 8000090000 Условия жақсы интернет тамақ жасайтын плита стиральный машина тб Квартираға кіру уақыты Тамыз айы 7 747 428 38 80,Уральск Квартира  Орал КВАРТИРА Аренда
199,2024-06-07T16:04:54,Подселение Бірге тұруға квартира керек қыздармен 1 қыз 20 жастамын Ватсап номер 7 707 568 57 44,Уральск Квартира  Орал КВАРТИРА Аренда
200,2024-06-05T18:13:57,Нужна девушка на подселение на длительный срок Находится в рн Женис 6 мкр 1 комнатная санузел совмещен Квартира светлая чистая уютная и евроремонт Есть все необходимое для проживания Требования Платежеспособная чистоплотная без вредных привычек без детей и животных О себе Девушка 23 года 87073601550 Аружан,Уральск Квартира  Орал КВАРТИРА Аренда
201,2024-06-04T12:37:24,Нужны 12 девушки на подселение без вредных привычек платежеспособный чистаплотная Квартира 2х комнатная в центре города все что нужно есть 30 тыс тг в месяц Город Уральск Район Омега Нефтебаза тел 87779881637,Уральск Квартира  Орал КВАРТИРА Аренда
202,2024-05-29T23:55:21,ПодселениеБірге тұру 1 қыз Квартираға қасына қосыламын Студент Ішпейміншекпеймінтазамын 87054668331,Уральск Квартира  Орал КВАРТИРА Аренда
203,2024-05-29T19:31:47,Сдается 2х комн квартира в районе Саяхат Только девушкам 20тыском услуга 87755053401,Уральск Квартира  Орал КВАРТИРА Аренда
204,2024-05-18T18:38:21,Нужна квартира на длительный срок Нужен 12комнатная квартира на длительный срок от хозяина меблированный до 90К тг Со всему города Урала 87071230051,Уральск Квартира  Орал КВАРТИРА Аренда
205,2024-05-16T17:23:09,Нужна квартира на длительный срок Нужен 34комнатная квартира на длительный срок от хозяина меблированный до 150К тг Со всему города Урала 87021896649,Уральск Квартира  Орал КВАРТИРА Аренда
206,2024-05-05T12:50:24,Нужна квартира на длительный срок От 50тыс до70тыс квартиру либо частный дом 2 комнаты мать одиночка 2детей В районе УнивермагДианашкольник2база22школаремзовод2рабочий 87761908340,Уральск Квартира  Орал КВАРТИРА Аренда
207,2024-05-02T15:46:32,Нужна квартира на длительный срок Нужна квартира на длительный срокСемейным 2 комн кв До 90тыс тг В районе УнивермагаДиана Школьник Базар Или совместное проживание с женщинойесть маленькая дочь 87085459248,Уральск Квартира  Орал КВАРТИРА Аренда
208,2024-04-25T12:02:12,Подселение Бірге тұру Для совместного проживания нужна 1 девушкаотдельная комнатав квартире все естьнаходится в районе Дом бытаОрал магазиноплата 40ккомуслуги биргепо остальным вопросам обращаться по номеру 87055772886,Уральск Квартира  Орал КВАРТИРА Аренда
209,2024-04-24T13:31:58,Нужна квартира на длительный срок Нужен 1комнатная квартира на длительный срок от хозяина меблированный до 85К тег желательно жигули север восток строитель циолковский 4 мкр 6 мкр либо весь город кроме деркула и асан 87054668331,Уральск Квартира  Орал КВАРТИРА Аренда
210,2024-04-19T16:52:16,Подселение Бірге тұру Подселениеға 12 қыз керек Барлық условия бар 25000 ком услуга ішінде,Уральск Квартира  Орал КВАРТИРА Аренда
211,2024-04-17T21:42:43,Сдается в аренду посуточно чистая просторная 2комквартира в центре В квартире всё необходимое имеется холодильник микроволновая печь телевизор кондиционер диван кровать и тд а самое главное всегда чистое постельное бельё Фотографии соответствуют действительности Звоните в любое время работаем 247 Тел 87052329661 Цена 15000тг,Уральск Квартира  Орал КВАРТИРА Аренда
212,2024-04-13T21:06:57,Нужна квартира на длительный срок Адрес Любая улица Цена 4000045000 87053893066,Уральск Квартира  Орал КВАРТИРА Аренда
213,2024-04-09T23:47:43,Нужна квартира на длительный срок Мекенжай Центр жак болса жаксы болушы едиЖигулиС Восток Сити центр6 мкр болса кв жалпы манызды емес Болме Этаж уй болса салкын ыстык су бар УсловияХолодилник стерялный машина интернет газ болса болды Болме 12 болме болсада СрокУзак мерзимге ер балага Бага60000 мынга дейн 8 705 125 84 59,Уральск Квартира  Орал КВАРТИРА Аренда
214,2024-04-06T21:25:38,Нужна квартира на длительный срок Адрес ПединститутПугачева Кирова ДВД Нологовый Болме саны 12 Срок узак мерзимге Багасы 45000 65000 Условия Газ плитка холодильник телевизор кухонный стол 8 705 514 0591,Уральск Квартира  Орал КВАРТИРА Аренда
215,2024-04-06T14:25:52,Продаже 2 комнаты в общежитии Полностью мебелирована и вся бытовая техника остаётся 87475371198,Уральск Квартира  Орал КВАРТИРА Аренда
216,2024-04-02T18:52:26,Подселение Бірге тұру Для совместного проживания нужны 2 девушки чистоплотные без вредных привычекв квартире все естьнаходится в районе омеги по остальным вопросам обращаться по номеру 8777988637,Уральск Квартира  Орал КВАРТИРА Аренда
217,2024-03-31T22:48:32,Подселение Бірге тұру Квартира ға 2 кыз керек срочно центрда орналаскан 2 комната 87077357430,Уральск Квартира  Орал КВАРТИРА Аренда
218,2024-03-29T15:09:47,Подселение Бірге тұру Қасыма қыз іздеймін Район 8 марта 129 2 комнатный Оплата 20к ком услуг 87087692113,Уральск Квартира  Орал КВАРТИРА Аренда
219,2024-03-28T13:55:23,Нужна квартира на длительный срок Мекенжай 6 мкр Универмаг Саяхат маңайы бірақ жалпы маңызды емес Бөлме саны 12 Срок ұзақ мерзімге Баға 8000090000 Условия жақсы интернет тамақ жасайтын плита стиральный машина тб 77782840488,Уральск Квартира  Орал КВАРТИРА Аренда
220,2024-03-27T15:27:53,Подселение Бірге тұру Остановка Школьник 1 қыз керек үйде барлығы бар үй таза 3 комната Ұқыпты студент немесе жұмыс басты қыздар керек 8 776 2000713,Уральск Квартира  Орал КВАРТИРА Аренда
221,2024-03-17T20:27:15,Подселение Бірге тұру 1 қыз Квартираға қасына қосыламын СтудентКазииту Ішпейміншекпеймінтазамын Адресот Казииту до базар Назарбаев проспект те болады 87052195242,Уральск Квартира  Орал КВАРТИРА Аренда
222,2024-03-17T18:57:51,Нужна квартира суточный на 2 дня 2х комнатный на сегодня,Уральск Квартира  Орал КВАРТИРА Аренда
223,2024-03-17T09:19:45,Квартира на длительный срок Монкеулы 115 Уральск 1комн квартира 90мын ком услуга 2 этаж 87477844547,Уральск Квартира  Орал КВАРТИРА Аренда
224,2024-03-12T21:09:22,Нужна квартира на длительный срок Мекенжай Алем плазаның маңайы бірақ жалпы маңызды емес Бөлме саны 12 Срок 8 түн 1203 2003 Ұзартылуы мүмкін Баға 32 000 Условия жақсы интернет тамақ жасайтын плита стиральный машина 77759657186,Уральск Квартира  Орал КВАРТИРА Аренда
225,2024-03-02T23:23:42,Квартира на длительный срок Тюленина 4 Уральск 2комн квартира 73 м Евроремонт новый дом полностью меблирована 240 000 месяц коммунальные услуги 7 746 620 0458,Уральск Квартира  Орал КВАРТИРА Аренда
226,2024-02-29T00:34:42,Нужна квартира на длительный срок Нужен 1комнатная квартира на длительный срок от хозяина меблированный до 65К тег желательно жигули север восток строитель циолковский 4 мкр 6 мкр либо весь город кроме деркула и асан 87076142634,Уральск Квартира  Орал КВАРТИРА Аренда
227,2024-02-26T21:29:56,Подселение Бірге тұру Қасыма қыз іздеймін Район Лев толостой 24 3х комнатный жақсы жағдайда Телефон номер 87087692113 Оплата 16К тенге ком усулуг қатты қымбат шықпайды,Уральск Квартира  Орал КВАРТИРА Аренда
228,2024-02-24T20:30:21,Нужна квартира на длительный срок Мухит Абай Школьник Курмангазынын арасында 7 707 380 59 05,Уральск Квартира  Орал КВАРТИРА Аренда
229,2024-02-11T00:07:21,Квартира помесячно мкр 5 ул Черненко 5 Уральск 3комн квартира 100 м 3 этаж Сдам квартиру в Таунхауссе находится в районе Старый Аэпорт Рядом есть НИШ 42 школа садик Парк Кадыр Мырза Али Дворец Школника Все условия есть Новый дом Удобства стиральная машина кондиционер кладовая холодильник телевизор интернет пылесос 150 000 месяц ком услуги без КСК мусор 7 708 248 2697,Уральск Квартира  Орал КВАРТИРА Аренда
231,2024-02-10T23:59:15,Квартира на длительный срок мкр Кунаева 55 Абулхаирхана Уральск 1комн квартира 40 м 7 этаж Рядом с 44 школой отличное месторасположение оплата ком услуги по счетчикам Состояние квартиры не новый но аккуратный и чистый ремонт Удобства телевизор микроволновая печь сушилка кондиционер интернет лифт стиральная машина пылесос холодильник Можно с детьми некурящим семейной паре одному человеку 110 000 месяц 7 701 505 0250,Уральск Квартира  Орал КВАРТИРА Аренда
232,2024-02-10T23:54:12,Квартира на длительный срок Маметова проспект Назарбаева Уральск 1комн квартира 40 м 2 этаж Квартира после ремонта Новая электроника Новый Смарт Высоко скоростной Интернет Билайн Новый Кондиционер 150 000 месяц 7 705 150 4320,Уральск Квартира  Орал КВАРТИРА Аренда
233,2024-02-10T23:52:18,Квартира на длительный срок мкр СевероВосток 28 Уральск 2комн квартира 51 м 2 этаж Рядом школа садик рынок магазины Квартира после ремонта диваны и стулья новый Бытовая техника все есть 140 000 месяц 7 701 540 3195,Уральск Квартира  Орал КВАРТИРА Аренда
234,2023-12-10T17:50:37,Аренда квартиры на длительный срок Уральск 1 комнатная квартиру в новом доме зачаганске бирлик 17 зачаганск Светлая теплая сухая Есть холодильниквай файстиральная машинаобсталвлен мебелью Заходи и живи С детьми не беспокоитьСдам студентамсемейным парам Оплата 90 комуслуг НЕ АГЕНСТВО 8 707 214 5869,Уральск Квартира  Орал КВАРТИРА Аренда
235,2023-11-09T10:59:53,Подселение Бірге тұру Қасыма жігіт аламын на подселение 1721 жас аралығы Район Алий Молдагуловой 7 2х комнатный Тел 87474510635 Оплата 130К тенге,Уральск Квартира  Орал КВАРТИРА Аренда
236,2023-10-05T00:41:08,Аренда квартиры на длительный срок Уральск Адрес остановка Жазира 20 мектеп қасында Барлық жағдайы жасалған Бағасы 90 000 тг комуслуг 8 705 9918208,Уральск Квартира  Орал КВАРТИРА Аренда
238,2023-08-07T01:31:52,Подселение Бірге тұру Қасыма қыз аламын на подселение Жасы 26ға дейінгі қыздар Район Саяхат Однокомнатная Тел 87714343464 Оплата 35комуслуга,Уральск Квартира  Орал КВАРТИРА Аренда
